{"train/total_loss":87370.58001708984,"train/batch_kl":56.35599994659424,"best_model/epoch":6,"_timestamp":1.7686619263046849e+09,"train/loss":232.98821337890624,"train/batch_mse":0.19389991462230682,"best/val_mse":8162.234833496093,"_wandb":{"runtime":2897},"val/rmse":88.50703167724609,"train/kl":465.77336104329424,"epoch":13,"_step":5301,"val/psnr":27.706722886849434,"best_model/val_mse":8162.234833496093,"_runtime":2897.134032062,"val/mse":8899.518530639649,"train/batch_loss":28.27495002746582,"train/mse":0.20306213091810543,"learning_rate":5e-07,"best_model/val_psnr":28.068526982264157,"train/avg_mse":0.20306213091810543,"train/avg_loss":232.98821337890624,"train/avg_kl":465.77336104329424}