{
  "mean": {
    "t2m": 280.91967140793855,
    "u10": 0.06782935817540381,
    "v10": 0.26182898575654473,
    "u100": 0.1220063751404119,
    "v100": 0.26932659975129186,
    "tcc": 0.6684525622519089,
    "sp": 96707.58726733463,
    "msl": 101012.09097270381,
    "tp": 0.09653255226322197
  },
  "std": {
    "t2m": 21.224008467612954,
    "u10": 5.373878346409919,
    "v10": 5.062685425764939,
    "u100": 6.783892415838234,
    "v100": 6.54489544413477,
    "tcc": 0.3661052977679274,
    "sp": 9835.874973262873,
    "msl": 1408.7661487463795,
    "tp": 0.40938876393076856
  }
}