{
  "mean": {
    "z_overall": 125114.81776559284,
    "z": [
      793.6403547108569,
      2860.2708111066227,
      4974.1322982261645,
      7137.580527587223,
      9352.996530523607,
      11623.136708275542,
      13951.237840841231,
      16340.134358626137,
      18792.701720218833,
      21311.809900649176,
      23900.84168761558,
      29303.869859690436,
      35034.86696789759,
      41141.8214630047,
      47684.33749626772,
      54735.1854797542,
      62385.27331958335,
      70752.70182158855,
      80002.05920307443,
      90375.96434783866,
      102268.82736602327,
      108992.79074443289,
      116427.65277296194,
      124787.88944848975,
      134348.47223426183,
      145515.542846548,
      158997.83578170752,
      180334.884283499,
      200621.05791868933,
      231848.39153567576,
      257008.62653047466,
      300981.01284288795,
      324171.03864039143,
      346536.3167841732,
      381616.12247553555,
      410588.9979792726,
      461748.2344448297
    ],
    "q_overall": 0.0019355409470707772,
    "q": [
      0.007628110466429542,
      0.007397296198178768,
      0.007057533892501313,
      0.006553995036636225,
      0.006050442679384155,
      0.005517760219530971,
      0.004977900417951712,
      0.004465683904656118,
      0.004013140469382629,
      0.0036196552833952797,
      0.0032761465098599526,
      0.0027147428275556317,
      0.0022400041714722278,
      0.0018179640893262027,
      0.0014084602577827923,
      0.0010323941919901198,
      0.0007254697577118576,
      0.0004761712669377724,
      0.0002888156206388052,
      0.00015537648053125225,
      7.07644264554101e-05,
      4.400316121856792e-05,
      2.4509469936178203e-05,
      1.2510530701665445e-05,
      6.251848720248798e-06,
      3.6230477945208247e-06,
      2.7386409005618065e-06,
      2.6487672920884737e-06,
      2.846599484075759e-06,
      3.0681091989747566e-06,
      3.1753837217256055e-06,
      3.3551302098711387e-06,
      3.455248374668347e-06,
      3.5484681264732896e-06,
      3.708618426713756e-06,
      3.821319604633106e-06,
      3.922529599038426e-06
    ],
    "u_overall": 6.25347712457366,
    "u": [
      -0.144698103882532,
      0.07220702551237551,
      0.2910916010244801,
      0.5157727226672362,
      0.7158301906200638,
      0.9040847512602457,
      1.1139094610944664,
      1.353967216022578,
      1.615311656098903,
      1.882484875527786,
      2.1483532255833793,
      2.6820065815067746,
      3.230793400313421,
      3.8247057750864744,
      4.500765550072268,
      5.342946555739761,
      6.179030474743466,
      6.961023833847575,
      8.038453557917876,
      9.469506974675141,
      11.153880423165043,
      12.0362997844271,
      12.615240509555234,
      12.641704012017934,
      12.216591103092734,
      11.143419640279914,
      9.29143906121703,
      4.910390710029714,
      3.0954079331556588,
      5.091600698564247,
      7.269817098452068,
      9.170589326272706,
      9.509998617702795,
      9.508012885124405,
      11.71186443439965,
      14.889356391472889,
      14.425493654864542
    ],
    "v_overall": 0.01259035998469213,
    "v": [
      0.2529846831010292,
      0.2518536435269964,
      0.28229707085051986,
      0.30992610353518935,
      0.2945281361629717,
      0.22568077008627582,
      0.140237545272679,
      0.07390245921734137,
      0.031043839157041002,
      0.003093509377197228,
      -0.010608314611746801,
      -0.006747002909521161,
      -0.025621154286641336,
      0.014357397908660328,
      0.07324214893563867,
      0.12380927455206647,
      0.11977020983226422,
      0.05145900454133919,
      0.025414915374365514,
      -0.1511181840030966,
      -0.34107587946308177,
      -0.3028453552368371,
      -0.32266941502642094,
      -0.35095810663132443,
      -0.3248165643826933,
      -0.019391893917982597,
      0.024954427741749257,
      0.06493062468922768,
      -0.14551662163477977,
      0.0727694425143452,
      0.06653382984290121,
      -0.23517094067017863,
      0.009415776168534009,
      -0.09284853453922022,
      0.022062378117806335,
      0.076807014511186,
      0.18415708172980838
    ],
    "t_overall": 247.43989926497625,
    "t": [
      283.6867597255745,
      282.37494358316115,
      281.3056609735887,
      280.3261557814336,
      279.37211233467656,
      278.4607883806386,
      277.5570346321856,
      276.5697539347312,
      275.47129434788974,
      274.25989995407645,
      272.95120036474526,
      270.0568936122366,
      266.95655669107845,
      263.60075149900615,
      259.70932991529287,
      255.29799008474527,
      250.2694645336549,
      244.4938176536619,
      238.0114622915888,
      230.90544130252127,
      223.8669559299459,
      220.99092791647402,
      218.97636669839102,
      217.20869081931923,
      214.8332108148277,
      211.9397121166665,
      209.22666593808242,
      208.6798900696544,
      211.32033100995284,
      214.57737319294927,
      217.83394167202428,
      224.35062085988065,
      228.87261596717312,
      234.3377719464701,
      244.67020116657005,
      252.86711182001284,
      259.086573269239
    ],
    "r_overall": 40.240776900645066,
    "r": [
      77.19470079053406,
      77.87777261772955,
      77.34327017920874,
      75.39580056637935,
      72.70979817125605,
      69.16655186743192,
      65.23490535227869,
      61.459871169734136,
      58.283133771765264,
      55.81573078700052,
      54.03742655515855,
      51.948955661116294,
      50.9044078913551,
      50.18078614792079,
      49.78438195374938,
      49.609254697504866,
      50.359142359069324,
      51.51689743384005,
      53.015989386702856,
      53.750622827408954,
      51.34155104876611,
      47.42710070789715,
      38.43176193969997,
      30.289983634240347,
      26.052960373716488,
      24.825791115616774,
      24.42022821217417,
      14.652972173524997,
      10.400186733662908,
      7.955419743131909,
      5.103591266011058,
      1.4919862876112457,
      0.6253871160734813,
      0.24002456756368937,
      0.04723561592600334,
      0.012009402831783773,
      0.0011551982748652142
    ],
    "w_overall": 0.006169326757942885,
    "w": [
      0.025625597829902497,
      0.025890326150890344,
      0.024902094404361964,
      0.023115080775970635,
      0.021188313840882843,
      0.018988020766551147,
      0.01684534828584612,
      0.014864316708980236,
      0.01304737989919765,
      0.01121395050533234,
      0.009361734770905496,
      0.006325840843460523,
      0.003759832230825273,
      0.003356940883354884,
      0.0031684021311192798,
      0.002886491535367244,
      0.002452403824104148,
      0.0017119689391158655,
      0.001391381316494365,
      0.0007042156894946617,
      8.480526446046916e-05,
      5.5153885393264685e-05,
      -0.00012879517876067612,
      -0.0003684737719451909,
      -0.0004581797084376264,
      -0.000649852138359974,
      -0.00030184672451621854,
      -0.0001629682585865714,
      -0.000299536801574961,
      -8.212263842432942e-05,
      -0.0001310512600336003,
      -7.025506430661335e-05,
      -1.1664209205649781e-05,
      -1.9890068472493803e-05,
      1.4181472309419418e-06,
      1.7497854215151944e-05,
      -8.790616946698778e-06
    ]
  },
  "std": {
    "z_overall": 128373.000996541,