{
  "mean": {
    "z_overall": 125099.94596180439,
    "z": [
      772.7369835611227,
      2840.914648256906,
      4956.361666901686,
      7121.469235647586,
      9338.213040548188,
      11609.24206758553,
      13937.818796472877,
      16326.906021247496,
      18779.714123661197,
      21299.131148626522,
      23888.497901737555,
      29292.30164268377,
      35024.767933835145,
      41134.253565529165,
      47680.821909674065,
      54735.37944116967,
      62387.92408258206,
      70757.47488490137,
      80008.67808454692,
      90381.03219823932,
      102265.69584489135,
      108986.73065428033,
      116422.64073239328,
      124783.54380393743,
      134341.70313800278,
      145504.30759747265,
      158980.53699000232,
      180315.7858308291,
      200604.09418727848,
      231826.34081618892,
      256984.0582553167,
      300944.5520727385,
      324119.17398385727,
      346470.14160309755,
      381561.2176828094,
      410557.124285329,
      461756.71373092924
    ],
    "q_overall": 0.0019424983381354695,
    "q": [
      0.007629189498722704,
      0.007397931287317818,
      0.007065008225698194,
      0.006566435794951014,
      0.006064316975597107,
      0.005539247024717929,
      0.005009204652734241,
      0.0045075771584995716,
      0.004058287668771429,
      0.0036714240123972377,
      0.0033280646353461792,
      0.0027518768950020424,
      0.0022553406840877953,
      0.0018052943953364852,
      0.0013894898003752256,
      0.001020036657171383,
      0.0007113137216233918,
      0.00046793226021828,
      0.00028346803547888577,
      0.00015421805475145377,
      7.03255736720612e-05,
      4.3521824539794906e-05,
      2.4299457840983725e-05,
      1.2503221612948236e-05,
      6.224922548121911e-06,
      3.6100750773334973e-06,
      2.743033883591516e-06,
      2.653330632432507e-06,
      2.8485099801113464e-06,
      3.0657218517975373e-06,
      3.175267435238349e-06,
      3.35025181313396e-06,
      3.4532170796277624e-06,
      3.547897359975291e-06,
      3.7101314156647985e-06,
      3.820896995971334e-06,
      3.927738475231053e-06
    ],
    "u_overall": 6.118432595019983,
    "u": [
      -0.30308661717335345,
      -0.11743885404175576,
      0.09570725797082082,
      0.3335079800386351,
      0.5455051506184745,
      0.7493728743512158,
      0.9672714889462877,
      1.2219095339152677,
      1.5025940449327106,
      1.7728322083638839,
      2.0424063503990224,
      2.5936735997675453,
      3.106423114947682,
      3.677197561441869,
      4.346119862305289,
      5.123216718561129,
      5.968733190171137,
      6.851865226003712,
      8.018319877569251,
      9.450549014005222,
      11.122065359801352,
      11.814372160534294,
      12.2434369152326,
      12.340812704503985,
      11.863627794524117,
      10.876987069633016,
      9.072202217194935,
      4.877179084409825,
      2.898250576659479,
      5.197810598682928,
      7.44148454458913,
      9.490398676109931,
      9.731387157913423,
      9.657381279895846,
      11.844512606482786,
      14.445609978899087,
      13.517807707578601
    ],
    "v_overall": 0.021840453221471406,
    "v": [
      0.27890136314294506,
      0.3276867390781214,
      0.34727011116393486,
      0.33540987651729126,
      0.30693929422101945,
      0.2719790946171526,
      0.23099873343350286,
      0.2079498601411704,
      0.20079159935774724,
      0.19116400232078445,
      0.18532621066510394,
      0.12848825417969953,
      0.012937582283178746,
      -0.08733481285035252,
      -0.15107081615055887,
      -0.11711112328239978,
      -0.08591916405708218,
      -0.16050017167724948,
      -0.037576745430518234,
      -0.015901649911298207,
      -0.1485043183995572,
      -0.18812343005425647,
      -0.20587243844224962,
      -0.1031719154267378,
      -0.05038847339081643,
      -0.08305940785307347,
      -0.02754226240139563,
      -0.23733395737994709,
      -0.2203426794345178,
      -0.2028084792420647,
      0.0055426562469900985,
      0.20814853761684438,
      -0.018909683733108435,
      -0.2912595121348689,
      -0.00425768937622202,
      0.32169640797241605,
      -0.3161448231351855
    ],
    "t_overall": 247.5165107235491,
    "t": [
      283.996443483785,
      282.71206905266814,
      281.6387033047781,
      280.6366386450904,
      279.61639248590325,
      278.65218545299666,
      277.6914621767893,
      276.68560797129487,
      275.6051705402592,
      274.3861476497853,
      273.0779700429878,
      270.174178196282,
      267.09315574988136,
      263.7638653315754,
      259.86811022765096,
      255.4085213168117,
      250.33596083708215,
      244.55947819352792,
      238.03413457284083,
      230.79955298355722,
      223.71384843252238,
      220.96243696467022,
      219.01934425423372,
      217.19373740544395,
      214.75794050546176,
      211.85218224997953,
      209.1284063975604,
      208.7153378300131,
      211.34127335815148,
      214.5354892099927,
      217.82032316022412,
      224.2368986155921,
      228.68018567771165,
      234.28435355930267,
      244.8136976134191,
      253.09489024522804,
      259.22480307626216
    ],
    "r_overall": 40.293430238529055,
    "r": [
      76.34327250134821,
      76.94946034794542,
      76.60218642547889,
      74.70985235290992,
      72.34170960641572,
      68.98956761270334,
      65.32467890441335,
      61.63328308585723,
      58.47171025509863,
      56.19390128521178,
      54.39756182224858,
      52.124481661117834,
      50.70311519796243,
      49.97135563205728,
      49.42249082054815,
      49.274089414089815,
      49.852182822867526,
      51.079840359444944,
      52.713569638843545,
      53.99964681202981,
      51.54788346925088,
      46.966535624926216,
      39.100398666826706,
      31.562152129708387,
      26.542147001237858,
      25.075432302285314,
      25.26427218836851,
      15.400950168396392,
      11.209591468719033,
      8.899935956794632,
      5.534734589009352,
      1.6263923739718202,
      0.7220915199721157,
      0.2533157010202398,
      0.041893493227919285,
      0.010175505999588337,
      0.001060107267477822
    ],
    "w_overall": 0.0038900137466598445,
    "w": [
      0.0210921946981321,
      0.021526755234331358,
      0.02055162184961148,
      0.018812851355428192,
      0.016940202447000903,
      0.014963205637044872,
      0.013094000772989701,
      0.011232184041058968,
      0.009517326449039886,
      0.007774447733420109,
      0.00593959204605721,
      0.0024967575719900686,
      -0.0008338057585169674,
      -0.0012990233453217706,
      -0.0014323691187185616,
      -0.0013142816934807492,
      -0.0015761072820462694,
      -0.0019952861640684444,
      -0.002016938671453614,
      -0.002811916878638971,
      -0.002416371924426343,
      -0.0013232190723980607,
      -0.00044237649170711976,
      -0.0005165228253613085,
      -0.000236858280327089,
      -0.0004563518694064745,
      -0.0001434543096407442,
      -0.00028579841870375383,
      -0.00036412113196751723,
      -0.00023669749199838885,
      -0.00019609468672892441,
      -5.2582203542750795e-05,
      -4.5617520147531255e-05,
      6.4448010142548716e-06,
      -2.3699756312726698e-05,
      -3.7621378916991586e-06,
      6.181022100923315e-06
    ]
  },
  "std": {
    "z_overall": 128365.72623511532,