{
  "mean": {
    "z_overall": 125028.6548859371,
    "z": [
      816.8168527613437,
      2884.3585589856393,
      4998.353323322402,
      7161.24464050942,
      9375.723211035021,
      11644.760262680113,
      13971.343118402296,
      16358.306363653875,
      18808.65835091116,
      21325.158595315148,
      23911.16964044922,
      29307.1358857297,
      35030.44226046001,
      41128.38777787409,
      47661.106957808406,
      54699.47264156168,
      62334.32350325882,
      70685.03637088065,
      79914.58166753352,
      90262.9777922253,
      102133.54353810294,
      108858.59471365002,
      116303.89609868624,
      124668.92936796887,
      134224.8935573663,
      145378.1881742179,
      158836.02845873786,
      180165.35959989982,
      200447.68569116967,
      231645.39362286177,
      256777.71038295576,
      300712.22667687625,
      323894.5131501387,
      346256.3019590846,
      381367.63812702266,
      410393.06939628604,
      461716.90048928955
    ],
    "q_overall": 0.0019690381043331712,
    "q": [
      0.007799214689813672,
      0.00756086401530494,
      0.007171586106671945,
      0.0066256134734040475,
      0.00610499715325687,
      0.005606779593494484,
      0.005106561131008538,
      0.004610959658531929,
      0.004150679583472606,
      0.0037470885626226897,
      0.003379654961720978,
      0.002756467693887736,
      0.0022469965397086014,
      0.0017956021037257499,
      0.0013808254043536593,
      0.001009743056761279,
      0.0007054997059622255,
      0.0004637634147600215,
      0.0002848996267952877,
      0.00015199406131141858,
      6.986946892656855e-05,
      4.282158374726655e-05,
      2.360388593233801e-05,
      1.2235377721437469e-05,
      6.188733283358254e-06,
      3.608912098049649e-06,
      2.768209204566597e-06,
      2.661962469317292e-06,
      2.811614675782786e-06,
      3.0511122614300892e-06,
      3.1785147411639404e-06,
      3.362527609976392e-06,
      3.4604218329732255e-06,
      3.55240503508084e-06,
      3.7147567426769957e-06,
      3.823779027289192e-06,
      3.9060584493790906e-06
    ],
    "u_overall": 6.140722212759845,
    "u": [
      -0.2512435746130471,
      -0.11210908623758717,
      0.08455955163229961,
      0.34021616603729626,
      0.5802012158571838,
      0.8100865632584952,
      1.0430101968121834,
      1.2968702942073245,
      1.5704161431319468,
      1.8440388649375987,
      2.141373139674022,
      2.771583427091761,
      3.3235079274594206,
      3.8826676381499583,
      4.6636579593794245,
      5.561391827211043,
      6.557645984731372,
      7.669795608226572,
      9.09411524776906,
      10.738197034370515,
      12.143158633860699,
      12.50854793365756,
      12.663910360772798,
      12.647934503624374,
      11.930922753176349,
      10.616514047736434,
      8.839416458757729,
      5.356436936038542,
      3.262227709272423,
      5.906541023601239,
      7.653626164098167,
      9.544037555630503,
      9.236146468046286,
      8.599366373904848,
      9.914137674167943,
      12.227971049658708,
      10.545844097022817
    ],
    "v_overall": 0.06188402895926575,
    "v": [
      0.48738235518311035,
      0.5075583603885843,
      0.524537591203774,
      0.5173429581137611,
      0.4633501344146705,
      0.3842139556974122,
      0.2976561178465179,
      0.2290750556154526,
      0.19116093880554472,
      0.1586599476073993,
      0.11565427975618595,
      0.02129435522344304,
      0.03358553296925566,
      0.09629723767430338,
      0.003964586591551568,
      -0.05965310454019543,
      -0.15218148997943634,
      -0.05705584042390849,
      0.11618208477357114,
      0.056610068387216585,
      -0.264023598435664,
      -0.39514606233039207,
      -0.41415874959140586,
      -0.3730405527962285,
      -0.3011370415054864,
      -0.08674353888928017,
      0.19024834376414654,
      0.055599011006607336,
      -0.1711300367125195,
      -0.3225248631021609,
      0.1777270538852108,
      0.05258985223415949,
      -0.11053411066669917,
      -0.39820496630716407,
      0.11887687157548471,
      0.8138870942351961,
      -0.21821076017918545
    ],
    "t_overall": 247.32917740831812,
    "t": [
      283.9247824952091,
      282.5209000281329,
      281.31457298303496,
      280.276283982539,
      279.29523533641657,
      278.35202329050395,
      277.3891074489089,
      276.3657152571982,
      275.2447238348063,
      274.00047658308023,
      272.66900462985205,
      269.77241226175124,
      266.6530191116697,
      263.24060496434464,
      259.2948009163375,
      254.81439899556864,
      249.76310108294746,
      244.0101977584211,
      237.45587807138153,
      230.33622744191794,
      223.69009894730956,
      221.2220603737116,
      219.2498638715669,
      217.20246380461919,
      214.64205490020598,
      211.6090980914253,
      208.8630657528192,
      208.7405566512537,
      211.2004523326811,
      214.32912126089357,
      217.60011988202015,
      224.26851721328734,
      228.78804853006952,
      234.3731480509534,
      245.0018266950188,
      253.47109907069142,
      260.2345022052219
    ],
    "r_overall": 41.07600248824196,
    "r": [
      77.57773584158473,
      78.72582589563336,
      78.47801960509958,
      76.33999328929445,
      73.37562458442234,
      70.0317874463052,
      66.57004864099562,
      63.076093210849216,
      60.121109497014395,
      57.94552360882577,
      56.16020311034686,
      53.389257487805786,
      51.70976237797704,
      50.93415354653231,
      50.2839525589261,
      50.08813070890477,
      50.403475590387096,
      51.58719580015318,
      53.6336877068931,
      53.59878095182841,
      49.514088051632164,
      44.24951670023265,
      37.42075116158813,
      31.200805673704508,
      26.9914826110754,
      26.48554258139195,
      27.754759715831902,
      17.25420296315278,
      12.822499533352397,
      11.564833110902963,
      7.711470690847825,
      1.8303219660612546,
      0.6816995239707313,
      0.23643365046599213,
      0.04938722880301699,
      0.01296693323982147,
      0.0009685089196653483
    ],
    "w_overall": 0.004072152356958866,
    "w": [
      0.02189793859356301,
      0.022083904820720115,
      0.02068168988744436,
      0.018738819098211727,
      0.016695042129730588,
      0.01446937879073563,
      0.012240646116574458,
      0.010180606127777311,
      0.008323908667844366,
      0.006529063358386248,
      0.0048148124202188015,
      0.0015841103276149722,
      -0.0015020652073780658,
      -0.0010710018885155858,
      -0.00012089124830354434,
      0.00044317587918466585,
      0.0003677165054507056,
      0.00016807586133783193,
      -0.0001642832092482681,
      -0.0006494576766763195,
      -0.0009820391683920927,
      -0.0007524296652831655,
      -0.0006899184228312457,
      -0.0007286318095444274,
      -0.0005130197587044843,
      -0.0004175412781636471,
      -0.00031809512704339854,
      -0.00021951351424434883,
      -0.00012194488830789798,
      -7.0376031698955e-05,
      -0.00011321281060395026,
      -5.535893676129966e-05,
      -3.6248050791986884e-05,
      -1.6610674579589205e-05,
      -1.0000289277006948e-05,
      1.6022358525422123e-05,
      -1.2634079492887595e-05
    ]
  },
  "std": {
    "z_overall": 128314.98769316258,