{
  "mean": {
    "t2m": 281.2854284833513,
    "u10": 0.0014542249120205828,
    "v10": 0.4439990585216629,
    "u100": 0.08338333720105659,
    "v100": 0.4710848637364976,
    "tcc": 0.6619452046620532,
    "sp": 96666.21258727962,
    "msl": 100977.76922147095,
    "tp": 0.09210872795277227
  },
  "std": {
    "t2m": 21.030948556337783,
    "u10": 5.228799235864598,
    "v10": 4.482806389020637,
    "u100": 6.643234922188291,
    "v100": 5.84699075534141,
    "tcc": 0.3694499251453783,
    "sp": 9619.817428257908,
    "msl": 1090.5794819959153,
    "tp": 0.4037795768955983
  }
}