{
  "mean": {
    "t2m": 280.89642077296224,
    "u10": -0.07564522079959234,
    "v10": 0.20094463873357798,
    "u100": -0.05825721433853805,
    "v100": 0.14378476200935597,
    "tcc": 0.6754457854989461,
    "sp": 96698.88426592118,
    "msl": 100990.77027782594,
    "tp": 0.0996845816404872
  },
  "std": {
    "t2m": 21.09270804647251,
    "u10": 5.258208363202793,
    "v10": 4.644547278115382,
    "u100": 6.594151599038686,
    "v100": 5.991488323771893,
    "tcc": 0.3623143469862581,
    "sp": 9806.00541704267,
    "msl": 1267.2790605901746,
    "tp": 0.42377926899966567
  }
}