{
  "mean": {
    "z_overall": 125064.57632363332,
    "z": [
      765.0788596567268,
      2833.0306317730774,
      4948.549819315621,
      7113.4172704425355,
      9329.792333480216,
      11600.304517019187,
      13928.196636856603,
      16316.585334315765,
      18768.373607017646,
      21286.69491459104,
      23874.840559504548,
      29275.7595519822,
      35005.59434355255,
      41112.59462828922,
      47656.077939349285,
      54707.08117583603,
      62354.91892553745,
      70717.98689320388,
      79960.00349967253,
      90320.97831040992,
      102200.02527739252,
      108926.51263773309,
      116369.9167389043,
      124734.12864125828,
      134293.65505952382,
      145456.3456609262,
      158932.31648655416,
      180267.40110282786,
      200554.5752041917,
      231772.8189609339,
      256924.82788661582,
      300874.6197199106,
      324065.2165193019,
      346434.8098975189,
      381519.3449857451,
      410492.6875250424,
      461694.2619182463
    ],
    "q_overall": 0.0019532915202070435,
    "q": [
      0.0076780862284991,
      0.007428835503717002,
      0.007081514817418045,
      0.00657055180890692,
      0.006069018380887644,
      0.005556495724840011,
      0.005023132061142259,
      0.004531222664879702,
      0.0040872971884949065,
      0.003702529249936984,
      0.003364701357101346,
      0.002789540350445089,
      0.0022837771752071976,
      0.0018307638618992154,
      0.0014200919822944542,
      0.001037455528518287,
      0.0007184583170713538,
      0.00046942508060919086,
      0.00028080554572133554,
      0.00015165723957261473,
      6.997467092903385e-05,
      4.353882666996146e-05,
      2.4312397397713346e-05,
      1.2436997581808105e-05,
      6.240957670289851e-06,
      3.6289790678687148e-06,
      2.7343763112168156e-06,
      2.656469026795047e-06,
      2.8422763414646708e-06,
      3.067709251167482e-06,
      3.1761274641365282e-06,
      3.3564541621634824e-06,
      3.4566684301500823e-06,
      3.54892387644082e-06,
      3.7117003453657648e-06,
      3.819408398129242e-06,
      3.9232375742421906e-06
    ],
    "u_overall": 6.320236156037956,
    "u": [
      0.005832869526343861,
      0.2331109256071272,
      0.47295430407242667,
      0.6905779077415566,
      0.8921986098281407,
      1.0945752952036019,
      1.3181028622694717,
      1.5611972276814308,
      1.8178568352828464,
      2.066386745368815,
      2.298778501602622,
      2.799953473508955,
      3.3591959927000863,
      4.008536705314553,
      4.73420940933545,
      5.498221951086545,
      6.329082663141169,
      7.360750419109954,
      8.622966990806708,
      10.07067757328884,
      11.731639684876118,
      12.407891462410998,
      12.737623376327518,
      12.651944223686991,
      12.200647965923702,
      11.092688435533782,
      9.148650692725038,
      5.11286556945227,
      3.1457035482673805,
      5.105111469533929,
      7.389268079555757,
      9.148037224974024,
      9.335516831951638,
      9.55097225975193,
      11.149351472541573,
      13.879128077849895,
      12.826530135565205
    ],
    "v_overall": 0.06267258057579185,
    "v": [
      0.499206880171763,
      0.5432100801295943,
      0.5323996816803557,
      0.49681931682462627,
      0.4379456873832158,
      0.3589494686094376,
      0.28930791418951785,
      0.2490194315093933,
      0.23275505791351228,
      0.21392616228470177,
      0.1759419246490756,
      0.06706363644469848,
      -0.03393269452315337,
      -0.06691601253985109,
      -0.015573024176581282,
      0.03494302294327419,
      0.01727755718963101,
      -0.01917564802424054,
      0.03998887944908571,
      -0.07326669750310622,
      -0.15824095851964623,
      -0.3089056007078385,
      -0.43894318327695786,
      -0.49279687146336587,
      -0.6393627404835949,
      -0.30115215121037164,
      0.14376914438361435,
      -0.04443360503713014,
      0.11536341652625477,
      -0.2637180158474317,
      0.25429886858936157,
      -0.22807831172675633,
      0.2501715450959978,
      0.3085575832132383,
      -0.36143480531054956,
      0.38872583735832394,
      0.11517470511620025
    ],
    "t_overall": 247.46778064113067,
    "t": [
      283.9355742406617,
      282.6815129755825,
      281.61072105705176,
      280.5774647094708,
      279.5561459910357,
      278.5607888959078,
      277.599312017805,
      276.5758507392167,
      275.4632169735562,
      274.2492125677243,
      272.9243846778088,
      270.03137828481823,
      266.99471865202946,
      263.62677918091856,
      259.74822067365676,
      255.2632930628635,
      250.16303111319,
      244.34651329375907,
      237.7738368609742,
      230.5663716718768,
      223.79589820329204,
      221.20724534522515,
      219.18116157615216,
      217.2354731959065,
      214.76783217478467,
      211.8446715419732,
      209.11610001746118,
      208.73411008776347,
      211.30603961777038,
      214.5229021029767,
      217.7355286495769,
      224.33470115150172,
      228.90165141860038,
      234.40033339097587,
      244.66408125262615,
      252.90540124458457,
      259.40642511075623
    ],
    "r_overall": 40.9351120325418,
    "r": [
      77.09761805210941,
      77.01381641421521,
      76.6852521639591,
      74.91942806500539,
      72.60552466315065,
      69.65785042636382,
      66.01684588861403,
      62.52733243191751,
      59.446674157252644,
      57.07716382003874,
      55.510369022397015,
      53.71872742034232,
      52.256030955391246,
      51.76003985081272,
      51.52793649571907,
      51.27985532637975,
      51.50054506140436,
      52.7576244251591,
      53.85645505079854,
      54.350604486641814,
      50.35890834122749,
      46.065363818599955,
      39.25091388521328,
      32.36137596472953,
      27.110418441729546,
      25.820323789441957,
      25.793505867172104,
      16.106679855008295,
      11.98124730768132,
      9.514200262527464,
      6.128044655892552,
      1.5939134523279475,
      0.6418068947984935,
      0.2452338877407549,
      0.04811076906944107,
      0.012248270423568092,
      0.0011555627906314379
    ],
    "w_overall": 0.002987133516516394,
    "w": [
      0.020251329280614006,
      0.02046357394550739,
      0.01919670534126563,
      0.017281248669059238,
      0.015301615579375538,
      0.013046070768462434,
      0.010920753190946939,
      0.008839760261684964,
      0.007011629734518422,
      0.00518724089099439,
      0.0032804977656843703,
      -0.00038882899420308046,
      -0.0036329434013160945,
      -0.00397667960515098,
      -0.0037584193701882965,
      -0.0034723770381453077,
      -0.0032028325222401613,
      -0.002987486688946333,
      -0.002174264011627023,
      -0.001482663453681606,
      -0.0007772750490011943,
      -0.0006787341995697797,
      -0.0005859150433139856,
      -0.00039396519689608437,
      -0.0005178536191562012,
      -0.00047729396364468054,
      -0.0006480141015977957,
      -0.0002933216987800334,
      -0.0002953519547806809,
      -0.0002534152767400673,
      -0.00011972852325674601,
      -1.8840478070822007e-05,
      -2.4164406392401255e-05,
      -7.821670490120277e-05,
      3.776415932213402e-06,
      -3.135000408788844e-05,
      9.673572749491925e-06
    ]
  },
  "std": {
    "z_overall": 128352.05118073085,