{
  "mean": {
    "t2m": 281.09245726458556,
    "u10": -0.06008096954491495,
    "v10": 0.24619954380053624,
    "u100": -0.11359980949581744,
    "v100": 0.24349974739402738,
    "tcc": 0.6807828811196374,
    "sp": 96727.154006871,
    "msl": 101025.33055964902,
    "tp": 0.09736472918451208
  },
  "std": {
    "t2m": 21.08508642131647,
    "u10": 5.4660057379287394,
    "v10": 4.968817163172984,
    "u100": 6.890886105688173,
    "v100": 6.444952315131132,
    "tcc": 0.36268078381804636,
    "sp": 9758.854921231085,
    "msl": 1392.0174922893405,
    "tp": 0.43414514172802066
  }
}