{
  "mean": {
    "t2m": 281.160352598638,
    "u10": 0.05767504015584667,
    "v10": 0.3425007117476149,
    "u100": 0.11801359282746524,
    "v100": 0.35233064376071527,
    "tcc": 0.6705915640050447,
    "sp": 96676.65842050008,
    "msl": 100951.6054354003,
    "tp": 0.09979353854534603
  },
  "std": {
    "t2m": 19.891591960566995,
    "u10": 5.761143771729487,
    "v10": 4.837674942845738,
    "u100": 7.233779619404886,
    "v100": 6.263037704055554,
    "tcc": 0.3661720744903015,
    "sp": 9626.662503841357,
    "msl": 1293.3985444177433,
    "tp": 0.4121977058085384
  }
}