{
  "mean": {
    "z_overall": 125031.64188681947,
    "z": [
      746.3566096606396,
      2811.487088471235,
      4922.243005456159,
      7081.646381047437,
      9292.364341216868,
      11557.484918588189,
      13880.406052430075,
      16264.156292018222,
      18711.775821341886,
      21226.225457866196,
      23810.61128207351,
      29204.060681899176,
      34925.876441381566,
      41024.219008731125,
      47559.095031495606,
      54601.2823883447,
      62240.11497182883,
      70592.86346581715,
      79823.69566598281,
      90176.3467131877,
      102055.27449626291,
      108790.06094881723,
      116245.38534202111,
      124622.55974822777,
      134199.37333612653,
      145390.1357176568,
      158895.8132907613,
      180241.008019822,
      200538.02646690555,
      231795.87945080135,
      256986.51843456234,
      300995.8229580829,
      324195.5136635075,
      346564.11650678073,
      381655.69026333024,
      410652.6558859223,
      461894.6036638927
    ],
    "q_overall": 0.0019125136909953308,
    "q": [
      0.007556488840645319,
      0.007340252703323362,
      0.006975707204203587,
      0.006408953292023865,
      0.005876280067078262,
      0.005381999136948127,
      0.0049147303164214845,
      0.00444992132203062,
      0.004012450066970882,
      0.003638402624077686,
      0.003300846670383892,
      0.0027251163343448366,
      0.0022358476968810975,
      0.001779780898791344,
      0.0013700513844163418,
      0.0010121933328621838,
      0.0006971926211344672,
      0.0004616446597350394,
      0.0002812551846626185,
      0.00015120633700391759,
      6.861403298842886e-05,
      4.202290563456425e-05,
      2.3756919947166084e-05,
      1.2318330603996622e-05,
      6.2183296979395085e-06,
      3.5763166596337873e-06,
      2.6594319077398597e-06,
      2.6348771419121236e-06,
      2.8537275598416983e-06,
      3.073649024423309e-06,
      3.1711467626166116e-06,
      3.348595082574887e-06,
      3.4512758908580756e-06,
      3.543948805392503e-06,
      3.700798804941001e-06,
      3.817427567262064e-06,
      3.924158809022259e-06
    ],
    "u_overall": 7.22214792410336,
    "u": [
      0.2062717724037494,
      0.45977072537193353,
      0.6844982841492875,
      0.9214080697675574,
      1.1577410783325326,
      1.3911563750425902,
      1.6390406998487224,
      1.9121102398763472,
      2.209044568794757,
      2.498028215962982,
      2.785824907114444,
      3.3994626159715,
      4.1018626078598155,
      4.793354288266682,
      5.558686032635458,
      6.4055843414997975,
      7.417504496228292,
      8.597417569524207,
      10.08945291007423,
      11.74000242353496,
      13.554317348913486,
      14.26535554845595,
      14.538148518052486,
      14.49075336382815,
      13.919040667116045,
      12.74599566719054,
      10.399734854496101,
      5.653983955777175,
      3.414453161212876,
      5.328353005202163,
      7.585569442676127,
      9.633329880412104,
      10.474187638906947,
      10.408576199453222,
      12.064778874868017,
      15.402842485954295,
      15.371830357048797
    ],
    "v_overall": -0.006798489039273323,
    "v": [
      0.3011544424977907,
      0.298866052108767,
      0.33836931830324035,
      0.3648064399210142,
      0.35056788749771245,
      0.29967477357264455,
      0.24474101755133687,
      0.20252316410689605,
      0.16880080431336925,
      0.14351652101001455,
      0.12234253691568785,
      0.0310771535919561,
      -0.0733489421174897,
      -0.0964583605165051,
      -0.0779761537930175,
      -0.027964860078714942,
      -0.014497046515467281,
      -0.019250983974382126,
      -0.00126182402130047,
      -0.04221423544893281,
      -0.23124497158352114,
      -0.3153112182523128,
      -0.36892043566516414,
      -0.41580317252258026,
      -0.2847994403013152,
      -0.21121684377302574,
      -0.011101922446580271,
      0.19248653134977822,
      0.04949577097570167,
      -0.28781800924822293,
      0.06030525704858703,
      -0.23011409049960752,
      -0.3288259890987392,
      -0.08693031596740639,
      -0.1681914798797123,
      0.7381029928239436,
      -0.8651244623375556
    ],
    "t_overall": 247.3611814441854,
    "t": [
      283.70232047636387,
      282.19300218749106,
      280.97186256494814,
      279.91868573061066,
      278.9303003168598,
      278.0029035389965,
      277.09581025939707,
      276.121493377809,
      275.07540667077245,
      273.89259616559633,
      272.58990777248334,
      269.7065406097398,
      266.6023750911859,
      263.28904334932616,
      259.4150185786662,
      254.96209872228593,
      249.87017435525632,
      244.0361260928952,
      237.51889762252335,
      230.44538164213748,
      223.97366576480616,
      221.55136680702967,
      219.52663265986038,
      217.57256063483936,
      215.24323837931635,
      212.39395011799567,
      209.44460258372192,
      208.70710582406886,
      211.47418184437652,
      214.82981311917433,
      218.09424021793342,
      224.47489865473963,
      228.9240084933397,
      234.38451013187355,
      244.76608250030552,
      253.23203937786536,
      259.43087119826885
    ],
    "r_overall": 40.497252018265975,
    "r": [
      77.62835472797572,
      79.4014791500871,
      79.5249594308522,
      77.32825649524253,
      74.4477454088487,
      71.03236718270568,
      67.3412147684519,
      63.747512779604726,
      60.484356485278056,
      58.17221946380487,
      56.42907031816223,
      54.21043171035635,
      52.63177962339996,
      51.635526902193575,
      51.09485669553436,
      50.998758271449994,
      51.38227851063835,
      53.01524296956908,
      54.79825930936731,
      55.03356970860994,
      48.08328255807643,
      41.76640902155042,
      35.102805555043155,
      28.486219800463427,
      23.660270725933287,
      22.493600320073853,
      23.073125640635755,
      14.16282006371218,
      8.590920683358075,
      6.483631120028661,
      4.1019173810813365,
      1.27576698223116,
      0.5201961235133951,
      0.20557019947895627,
      0.04175206414266016,
      0.010704658116293432,
      0.0010918662692605318
    ],
    "w_overall": 0.004710475200930178,
    "w": [
      0.02285302021522187,
      0.022817869387747308,
      0.021290269723234678,
      0.01930681555788108,
      0.017203721722352853,
      0.014949964334314787,
      0.012822972117044982,
      0.010922576385794334,
      0.009197826388437403,
      0.007653823643256858,
      0.006112892878663652,
      0.003466920563134487,
      0.0014857611536410176,
      0.0010333772101705772,
      0.0008536691675937163,
      0.0007913091844431442,
      0.0003270953879883264,
      0.0001319169226587783,
      6.0949415211906085e-05,
      -6.498823843415299e-05,
      8.411601468252464e-05,
      0.00013968543694775835,
      0.00022659966052451143,
      0.0003620047473010967,
      0.0004687075145366949,
      0.00010002354918615277,
      -8.975784553366755e-05,
      4.431076897809127e-05,
      -0.00013523045040312267,
      -0.00010062027903436457,
      -5.54114244884033e-05,
      1.8680251825937857e-05,
      -1.0963736595992112e-05,
      8.679049041183626e-06,
      1.2878798973690767e-05,
      -5.5466762932336355e-06,
      1.6639344101419506e-06
    ]
  },
  "std": {
    "z_overall": 128392.46001725132,