{
  "mean": {
    "z_overall": 125066.17707242457,
    "z": [
      732.0818735537424,
      2797.8736757677902,
      4909.764544858093,
      7070.396960004553,
      9282.449711169864,
      11549.419717261904,
      13874.606853786216,
      16260.759404256241,
      18710.426478704347,
      21226.520657193905,
      23812.417443702805,
      29209.10572784231,
      34934.551459922564,
      41034.576896719445,
      47571.09637318924,
      54615.22932269995,
      62257.01700618354,
      70614.21686120788,
      79850.88553609955,
      90209.99975246571,
      102099.00840605256,
      108837.937279916,
      116295.43889563107,
      124672.99397056557,
      134249.82148395362,
      145438.53514746108,
      158946.00161667823,
      180306.4748198875,
      200618.79149281475,
      231894.92941179304,
      257086.3191651256,
      301095.7593976345,
      324302.061510826,
      346670.6241514486,
      381757.5678600324,
      410738.4998747881,
      461914.39093851135
    ],
    "q_overall": 0.0019324574201418855,
    "q": [
      0.007612728338601513,
      0.007387281995490107,
      0.007039583502602578,
      0.006528328503571567,
      0.005998886165135909,
      0.005464691240647836,
      0.004945149495202545,
      0.004480689026219428,
      0.00406127691442212,
      0.003691227010178655,
      0.003354476787848311,
      0.0027553379823930034,
      0.0022304965540153377,
      0.001772324131107618,
      0.0013691196900676742,
      0.0010065689152101945,
      0.000699280265045716,
      0.0004699478239496158,
      0.00028851581277678846,
      0.00015205723925545243,
      6.828714411351795e-05,
      4.223188825187727e-05,
      2.3986640637330145e-05,
      1.2396333718175137e-05,
      6.280436835159046e-06,
      3.5653596957638854e-06,
      2.6794633421363047e-06,
      2.639718230809418e-06,
      2.8494212533805364e-06,
      3.0701967957459414e-06,
      3.169694006154062e-06,
      3.3494321345589977e-06,
      3.452657071377063e-06,
      3.5453450049921974e-06,
      3.7037056472224656e-06,
      3.820401045742308e-06,
      3.929313723866861e-06
    ],
    "u_overall": 7.0141530023067595,
    "u": [
      0.0097816621307453,
      0.2122544654144273,
      0.4529205806671627,
      0.7101502189101268,
      0.9757847767578727,
      1.2521269016556866,
      1.5644592242829511,
      1.904494252104222,
      2.24525594207204,
      2.56751015343198,
      2.8832154764124565,
      3.5084709032270056,
      4.137045272095836,
      4.83982423972525,
      5.596408726302294,
      6.487521091413564,
      7.670270671776877,
      8.88026072631027,
      10.196005917785898,
      11.749132647538593,
      13.337195760580254,
      13.860632195827645,
      14.110287477467125,
      14.06218666973752,
      13.627309846753128,
      12.341071057036729,
      9.892324020660865,
      5.287027021276692,
      3.1633080409439893,
      4.84794065040733,
      7.152212395082363,
      9.411384296814049,
      9.679509348640789,
      9.511159956637103,
      11.70265147385088,
      14.74925545809871,
      14.945311565519683
    ],
    "v_overall": 0.03081986226553031,
    "v": [
      0.09307015216631631,
      0.12996390911918848,
      0.14841752789350848,
      0.19403697246211135,
      0.21162587761199242,
      0.18195327944556414,
      0.1438419308532348,
      0.10832985219427829,
      0.07738169733154183,
      0.058688319219905805,
      0.05094932712526126,
      0.00780164648377302,
      -0.022183643751986535,
      0.04865877995378597,
      -0.0050369946977577434,
      0.011336223045580742,
      0.06645365688719612,
      -0.005335137656334277,
      0.029748275081959614,
      0.08057720803354716,
      -0.065159184371659,
      -0.13124622633615543,
      -0.1272014042393859,
      -0.2254033507689395,
      -0.20970630454693762,
      -0.20336788681295992,
      0.1616229617700387,
      -0.08335079875633886,
      0.02259999071069189,
      0.006602570440721799,
      0.02450039869906043,
      0.09244158693814171,
      0.13124304054367247,
      0.15088039379969348,
      0.33996628449572713,
      0.5436453005807905,
      -0.8980113271242078
    ],
    "t_overall": 247.42302867306435,
    "t": [
      283.6862721239038,
      282.2618313174895,
      281.0496910454551,
      279.9949027565562,
      279.0319678540993,
      278.17773075954705,
      277.3074793293142,
      276.31598930742473,
      275.2088795871943,
      273.9848612072398,
      272.66481978313124,
      269.78151363320484,
      266.6616013676089,
      263.34125986720915,
      259.4826066362231,
      255.0434777309061,
      249.98167072341116,
      244.18291354111042,
      237.66690799773684,
      230.60694901855393,
      224.15298923886894,
      221.64718048006347,
      219.55697235845787,
      217.5812523260894,
      215.21977537933788,
      212.3652184272257,
      209.54585643479666,
      208.89152728989157,
      211.64138128192752,
      214.8760695186009,
      218.0679481326459,
      224.5521297286115,
      228.95333195329354,
      234.34731978817518,
      244.72829157264488,
      252.96191927024663,
      259.1295721351834
    ],
    "r_overall": 40.44363687393343,
    "r": [
      77.75390964217942,
      79.01930232447788,
      79.12565214754088,
      77.33356405850606,
      74.41357103154662,
      70.63899921343973,
      66.77025695009691,
      63.4917051469036,
      60.7394074914727,
      58.586952597008484,
      56.86528536901486,
      54.3322939641892,
      52.75490279763979,
      51.831045587446056,
      51.108338775319154,
      50.598618653214096,
      50.989841421228434,
      53.01422927925961,
      54.603314738058494,
      54.13837925882218,
      47.41831562525492,
      41.70297507365052,
      35.811297978507866,
      28.954076224201415,
      24.477601312793244,
      22.824549994216753,
      22.764065341891527,
      13.729198412300832,
      7.944446447433146,
      6.121914078202687,
      4.287461640712665,
      1.3746293047369225,
      0.5993783299046923,
      0.23394469199123477,
      0.046934604267208246,
      0.013031899228815307,
      0.0011729288782264971
    ],
    "w_overall": 0.0024198262957345743,
    "w": [
      0.019230487104519654,
      0.01925876254127139,
      0.017869932997996458,
      0.015887285774267405,
      0.013929066222260372,
      0.011642010918492473,
      0.009532887521556538,
      0.00746478699337152,
      0.005716134440386345,
      0.004158508893355582,
      0.0025213395893380866,
      -0.0006358134175214035,
      -0.003757071733878893,
      -0.0040867688641523904,
      -0.0033826592560449354,
      -0.0032952413442855367,
      -0.003577345908193343,
      -0.0033432135873701376,
      -0.002757031150767314,
      -0.0020504065701876643,
      -0.001843691364534648,
      -0.0017586048624147746,
      -0.00141639835864999,
      -0.0011097040468857605,
      -0.0010623150309790337,
      -0.000880933436209881,
      -0.0008147066612055533,
      -0.0006453957721547365,
      -0.000652661009771024,
      -0.00026439507875811397,
      -0.00019661521558898276,
      -6.96640845751575e-05,
      -3.8316986891131753e-05,
      -4.870511245830417e-06,
      -2.831638061425263e-05,
      -1.3960945916701252e-07,
      -5.349812296914253e-06
    ]
  },
  "std": {
    "z_overall": 128433.26500415445,