{
  "mean": {
    "z_overall": 125076.72587347725,
    "z": [
      768.6185098625439,
      2834.112295642746,
      4945.741867020752,
      7106.345282013932,
      9318.75436459778,
      11586.178259121205,
      13911.648926669171,
      16297.74092863885,
      18747.131326090308,
      21262.840997144205,
      23848.14046571602,
      29242.64851623902,
      34964.93937107509,
      41062.495706315494,
      47596.45977844718,
      54637.668800566345,
      62275.18701949182,
      70627.79816423482,
      79861.20435544768,
      90219.27501444753,
      102109.10043872322,
      108848.72502167129,
      116307.23861342271,
      124685.88381154646,
      134262.96402036137,
      145451.19665443443,
      158959.09112151334,
      180318.7535155648,
      200626.65918381108,
      231890.42101248266,
      257074.91610995532,
      301067.7729677146,
      324261.2899204423,
      346621.1681605409,
      381702.6346162737,
      410688.5021863924,
      461847.6100150254
    ],
    "q_overall": 0.0019302420351837372,
    "q": [
      0.007617199742600566,
      0.007391830073636529,
      0.007054814287336725,
      0.006543376383452124,
      0.006019128211407124,
      0.0054760508194198745,
      0.004939280935831774,
      0.0044689220213634685,
      0.004045272166235751,
      0.003663986112643517,
      0.0033217811900148404,
      0.002726896748874178,
      0.00220824687605694,
      0.0017559853271544915,
      0.0013733250886549188,
      0.001011712382801422,
      0.0006991005012810565,
      0.00046990274381200614,
      0.0002871188261044543,
      0.00015140249727551157,
      6.889347618895524e-05,
      4.229288277001674e-05,
      2.3972541073969903e-05,
      1.2344288002875574e-05,
      6.2936315550186555e-06,
      3.6009149170395343e-06,
      2.6938136066493816e-06,
      2.639257244380142e-06,
      2.8507299851409885e-06,
      3.0707886248461598e-06,
      3.1725080469683936e-06,
      3.346801760964733e-06,
      3.4488334872810273e-06,
      3.5444532744361002e-06,
      3.704764401666066e-06,
      3.820450459827063e-06,
      3.932230440970581e-06
    ],
    "u_overall": 6.948501987111464,
    "u": [
      -0.13088512000326274,
      0.04567906366031698,
      0.27338501108245683,
      0.5553656035017794,
      0.8099605179949964,
      1.0627301450539193,
      1.3407736251673505,
      1.65148188026206,
      1.9831304791492093,
      2.309425575278687,
      2.626827647385088,
      3.2273209034376986,
      3.870641733358556,
      4.618562561213869,
      5.376437049192022,
      6.336444419593946,
      7.512005366917512,
      8.715323476075648,
      10.092620098074626,
      11.64698153969172,
      13.22106186620883,
      13.750836492977298,
      13.93464292637059,
      13.922616365985045,
      13.488465100889636,
      11.98889708710775,
      9.917007852625748,
      5.283000822944659,
      3.0236989734242266,
      4.899827936166313,
      7.350787583961199,
      9.550690487364735,
      9.936629805533283,
      9.728957235848046,
      11.748534686893505,
      15.531281657578269,
      15.89342506515684
    ],
    "v_overall": 0.03860058139315904,
    "v": [
      0.16379000704467417,
      0.1671817567319454,
      0.24510306635959653,
      0.2941395691830345,
      0.2743368067971399,
      0.22114282973394278,
      0.1715988730590651,
      0.1423915590852669,
      0.1318764813417719,
      0.12518470306796237,
      0.11989842739801852,
      0.10799506227561186,
      0.07426576842180035,
      0.07159433657334166,
      0.060982385624500354,
      0.05842265591891085,
      -0.0005123021441333411,
      -0.07681463050225021,
      -0.061314501433917014,
      -0.07027789506987185,
      -0.03332810739207698,
      -0.1616764176183975,
      -0.32725371115195545,
      -0.3869872284993715,
      -0.3198807338809247,
      -0.19756648909753524,
      0.09200720361576442,
      0.17189923064663518,
      -0.23616429983072315,
      -0.08527081766303432,
      0.3149293671148109,
      0.030145990280877975,
      -0.007692641494711001,
      -0.09988772268379059,
      -0.011767349560614598,
      0.33519731446064976,
      0.13053296483487078
    ],
    "t_overall": 247.35595480165253,
    "t": [
      283.5549525106609,
      282.1422792812988,
      280.93455980541637,
      279.92481277190694,
      279.0038103221947,
      278.14136753480557,
      277.2420046974026,
      276.2163278853366,
      275.1038642467823,
      273.875039255698,
      272.5418248755481,
      269.6272757629122,
      266.5498729671126,
      263.2369649157243,
      259.383892030594,
      254.9198368678605,
      249.83168322168856,
      244.0701122070832,
      237.61063334100106,
      230.6096696787502,
      224.16711971466964,
      221.6771856135443,
      219.58860990818522,
      217.60276619624165,
      215.20994007135874,
      212.37265813401015,
      209.55328680430267,
      208.86412334609682,
      211.567534919747,
      214.79992956642673,
      218.02552604798746,
      224.43621985884766,
      228.8447606736182,
      234.2920093002002,
      244.73069423393946,
      253.01386332087898,
      258.9033157713113
    ],
    "r_overall": 40.21942060643717,
    "r": [
      77.67527214872725,
      78.98870350123738,
      79.26067446979125,
      77.11498738657181,
      73.84722433402608,
      69.96845562861648,
      66.19394999180264,
      63.05502845635857,
      60.157895763690306,
      57.849958595692755,
      56.08705753161022,
      53.70572725976261,
      52.19942009328951,
      51.30697522204634,
      50.974700488351054,
      50.61827726773717,
      50.64529693032343,
      52.09964355457213,
      53.543934514116,
      53.3827324229849,
      47.5440402077273,
      41.54612945806615,
      35.56038814336199,
      28.495992623076546,
      24.734192061849544,
      23.1279731819345,
      22.642252857175592,
      13.713603963475347,
      8.360743849870236,
      6.8491499261645545,
      4.642367594319472,
      1.3678081872743981,
      0.5913895283317838,
      0.21676263856622086,
      0.03876071127406536,
      0.010013639282323909,
      0.0010783051169660338
    ],
    "w_overall": 0.004999252535691962,
    "w": [
      0.022944609191866312,
      0.023366382467781638,
      0.022275124295758328,
      0.020409045672817174,
      0.01830344976859314,
      0.015979560855578008,
      0.013859237803757364,
      0.0120560519811754,
      0.010439731505604587,
      0.008953970293176433,
      0.007383899538813506,
      0.004673310931060692,
      0.0023575822604163655,
      0.0014735633813649633,
      0.0013347316806021337,
      0.0014043242157212867,
      0.0011121263414377938,
      0.0006481112455032073,
      -0.0001594636046770707,
      -7.896208766796755e-05,
      -6.405152420652981e-07,
      -0.00017603619805211222,
      -0.0002237284086136003,
      -0.00033963594805534785,
      -0.00037302792320304375,
      -0.0004361210995158423,
      -0.0005025235212975354,
      -0.0006808540655369199,
      -0.00035574445556943966,
      -0.0003853958824011923,
      -0.0002145743880769398,
      -5.8463522164034246e-05,
      -4.293368766186215e-05,
      1.912289875316811e-05,
      1.4151645415845904e-05,
      -6.022806398342049e-06,
      -1.6160404614186797e-06
    ]
  },
  "std": {
    "z_overall": 128412.46092864036,