{
  "mean": {
    "t2m": 280.9772585660288,
    "u10": 0.17334863689467875,
    "v10": 0.3003590901692708,
    "u100": 0.3199135037118104,
    "v100": 0.3114138074861063,
    "tcc": 0.6925495293497176,
    "sp": 96675.58534178032,
    "msl": 100956.00702679534,
    "tp": 0.09985856630343247
  },
  "std": {
    "t2m": 20.529664243944197,
    "u10": 5.6956836547439735,
    "v10": 4.702607833331452,
    "u100": 7.0840805464493934,
    "v100": 5.9879837668105615,
    "tcc": 0.36001773282895183,
    "sp": 9689.956400425674,
    "msl": 1262.1508977575095,
    "tp": 0.43436116886642623
  }
}