{
  "mean": {
    "z_overall": 125036.39504016428,
    "z": [
      748.7370704268762,
      2814.211349986525,
      4925.00680514715,
      7084.168404704114,
      9295.008329836675,
      11560.363751998575,
      13883.296973604369,
      16266.854227225882,
      18714.3164306904,
      21228.675955342696,
      23813.002958131066,
      29206.35812324222,
      34929.14801298351,
      41030.47688648578,
      47567.995404241796,
      54612.16000756087,
      62252.660356950226,
      70607.29810544768,
      79839.27675850478,
      90192.22331204731,
      102070.90313270535,
      108802.92363037448,
      116257.36411378872,
      124635.59619115041,
      134213.9631563993,
      145405.69910184544,
      158911.02480929266,
      180251.3980592156,
      200544.80263859994,
      231798.70135325164,
      256985.01001213593,
      300987.088294614,
      324185.7531168131,
      346546.29798697797,
      381629.34917456465,
      410631.0488143397,
      461918.45367545076
    ],
    "q_overall": 0.0018979512865120373,
    "q": [
      0.007496317835958472,
      0.00727391394317021,
      0.006893773371704861,
      0.006338945907249581,
      0.005831458345597994,
      0.005349677854658874,
      0.004886170475285885,
      0.004416889725679281,
      0.003975709999540858,
      0.0036045890966215632,
      0.0032758474038438834,
      0.0027018702602018495,
      0.0022178351675344525,
      0.0017702518946128782,
      0.0013645718796282454,
      0.0010066600766144905,
      0.0007113921741776604,
      0.00047417082357352665,
      0.0002889362204119693,
      0.00015210676731433465,
      6.859615539514217e-05,
      4.210672745206712e-05,
      2.388756538023673e-05,
      1.2448954280297481e-05,
      6.301566902865979e-06,
      3.589921908163807e-06,
      2.6557716362370808e-06,
      2.633995119780978e-06,
      2.8530746780678906e-06,
      3.074183257798793e-06,
      3.1721789773068205e-06,
      3.345828262672211e-06,
      3.4488120905666993e-06,
      3.543398985584855e-06,
      3.700662120796011e-06,
      3.817755143875046e-06,
      3.931825973062939e-06
    ],
    "u_overall": 7.1337151488807855,
    "u": [
      0.08313679194703898,
      0.3120763516789832,
      0.5272547570926821,
      0.7806711954959535,
      1.0095316790050048,
      1.2421702706661333,
      1.4916635020375528,
      1.763856997572966,
      2.051298017144699,
      2.344703182150502,
      2.641483347683038,
      3.234145747569956,
      3.809845211495235,
      4.513310090498704,
      5.2968372652427425,
      6.147190176648854,
      7.138962925408173,
      8.328298710814094,
      9.778666586132992,
      11.59155153699861,
      13.487421261920714,
      14.161206230108315,
      14.45181918532956,
      14.413459580542403,
      13.903129293812425,
      12.448612201730061,
      10.3775066665553,
      5.612943399858174,
      3.4103413123749386,
      5.10169822021522,
      7.191748676132505,
      10.15527251477711,
      10.622523613522795,
      10.803935998172086,
      12.350587299010073,
      15.935754892105571,
      15.432845819137887
    ],
    "v_overall": -0.008088131425753022,
    "v": [
      0.35826967015694827,
      0.34786524861559587,
      0.3235121352074785,
      0.28715455220869573,
      0.25416576792892903,
      0.2084049943820191,
      0.1683871714391663,
      0.14413941727707466,
      0.13062487593562785,
      0.11591367869995137,
      0.10000678779788993,
      0.04954572640282473,
      -0.030818711232470333,
      0.009555796310041513,
      0.04105881849557304,
      -0.0039379005238131355,
      0.010601667432686566,
      -0.00235276324371653,
      0.01829042803581662,
      -0.02557745804347983,
      -0.14333597819010416,
      -0.2925883398527797,
      -0.38601196825201184,
      -0.4866460270204866,
      -0.2769144369505425,
      -0.21728453498754502,
      -0.08845019529368811,
      0.16687286372250154,
      -0.3886177409832385,
      -0.2668466084468969,
      0.11451270693824404,
      0.10128790857906168,
      -0.07279140444782155,
      0.017566030369754345,
      0.02465545706029555,
      -0.12070949094140083,
      -0.4887690073390425
    ],
    "t_overall": 247.4012344142291,
    "t": [
      283.8201795432505,
      282.31976925889154,
      281.02111870396357,
      279.9885121489402,
      279.0350860749285,
      278.0956086411684,
      277.15195296792075,
      276.17435011317724,
      275.1364409182321,
      273.95683696690685,
      272.6465824516956,
      269.7737751582606,
      266.76174906911274,
      263.4241356983117,
      259.50390636004954,
      255.02590422297428,
      249.91805936966495,
      244.08695451442807,
      237.5257911005783,
      230.46508048344583,
      223.89166575805268,
      221.4786155739483,
      219.53661206686766,
      217.61152122992547,
      215.26621070329205,
      212.4174291715653,
      209.41146232051204,
      208.67355044607868,
      211.4563951266273,
      214.78512310346113,
      218.06503208141,
      224.47419546370992,
      228.88431799152744,
      234.25956891289587,
      244.7951944383823,
      253.3193687063903,
      259.68761646592907
    ],
    "r_overall": 40.208864999198255,
    "r": [
      76.9984412164263,
      78.6509208579408,
      78.99074516513532,
      76.61768622060896,
      73.56195778023353,
      70.27271966751964,
      66.98794207712923,
      63.45082068801257,
      60.135259539911274,
      57.794654555384305,
      56.10204747593316,
      53.7490086060383,
      52.055775252107225,
      50.641737892157785,
      49.849512351591684,
      49.960865177381095,
      51.130038041283306,
      52.668279902193575,
      54.204287525214625,
      54.55159217622766,
      48.730456805239925,
      41.80025872293694,
      34.76189780564148,
      28.363500270176672,
      23.86288086939422,
      22.356150188721518,
      23.12264523473005,
      14.332049168115587,
      8.51843708272668,
      6.734977241255266,
      4.501444574890925,
      1.399148950494915,
      0.5983146087152117,
      0.21652788223200795,
      0.04132221258954916,
      0.01201308969719416,
      0.0016880943470456897
    ],
    "w_overall": 0.003989595964592617,
    "w": [
      0.021405960485111824,
      0.021569936619754343,
      0.020195674587607768,
      0.018058906363529716,
      0.01593703188979216,
      0.013654537350834932,
      0.011559522131738944,
      0.009685592839486024,
      0.007904296377660828,
      0.006303320990668403,
      0.004640736626189889,
      0.0019240869765179535,
      -0.0008957428857971182,
      -0.0008522309990946216,
      -0.0005080045693312722,
      -0.0007283528645833333,
      -0.0006844732055570004,
      -0.00029635629993426374,
      -0.0004172267963787425,
      -0.00048621067888363057,
      -4.7205629435465906e-05,
      3.962549852432061e-05,
      -6.730280555916744e-05,
      -0.00016897221819647915,
      -4.732229250718162e-05,
      1.89458006683787e-05,
      4.488096745691345e-05,
      -4.432368561416511e-05,
      -2.2333582076991094e-06,
      -9.337187290999973e-05,
      7.433065337123627e-05,
      -6.105124922852465e-05,
      -7.586118013543916e-06,
      -1.4727673006638262e-05,
      1.324571360239613e-05,
      8.20656893047204e-06,
      -1.0925492808270995e-06
    ]
  },
  "std": {
    "z_overall": 128386.09440527535,