{
  "mean": {
    "t2m": 281.2618052912486,
    "u10": -0.012667662323228492,
    "v10": 0.3652685251528428,
    "u100": 0.011813837017001127,
    "v100": 0.39855862736683595,
    "tcc": 0.648942511187145,
    "sp": 96714.87198022615,
    "msl": 101008.16369890391,
    "tp": 0.10592790455714564
  },
  "std": {
    "t2m": 19.52791400697757,
    "u10": 5.73215548023279,
    "v10": 5.280056193644273,
    "u100": 7.339981420371451,
    "v100": 6.897741542429674,
    "tcc": 0.3767413834130995,
    "sp": 9508.86574965044,
    "msl": 1352.0440070155948,
    "tp": 0.46233205359665697
  }
}