{
  "mean": {
    "t2m": 280.98138871977005,
    "u10": 0.053068939176063576,
    "v10": 0.24279212099246683,
    "u100": 0.13489301719436259,
    "v100": 0.26822134045280355,
    "tcc": 0.694310134532621,
    "sp": 96693.84558754478,
    "msl": 100977.4552277171,
    "tp": 0.10127505107549843
  },
  "std": {
    "t2m": 20.59561134351232,
    "u10": 5.466161816761314,
    "v10": 5.009711640869183,
    "u100": 6.855180010848858,
    "v100": 6.413329255965133,
    "tcc": 0.3585043874504909,
    "sp": 9755.43545749487,
    "msl": 1338.257606188097,
    "tp": 0.4241954950309609
  }
}