{
  "mean": {
    "t2m": 281.0079791177934,
    "u10": 0.04574020604430334,
    "v10": 0.10979789537537683,
    "u100": 0.1356734041992037,
    "v100": 0.08383493857017044,
    "tcc": 0.6743599364195019,
    "sp": 96672.04646448708,
    "msl": 100939.67899498189,
    "tp": 0.09957034629378522
  },
  "std": {
    "t2m": 20.622895996925894,
    "u10": 5.406964619041821,
    "v10": 4.791180337653721,
    "u100": 6.825629609914354,
    "v100": 6.128906410973865,
    "tcc": 0.3666936628159064,
    "sp": 9871.816338964843,
    "msl": 1382.7468124573752,
    "tp": 0.41785282347372205
  }
}