{
  "mean": {
    "z_overall": 125074.98943668001,
    "z": [
      791.6982947102789,
      2856.997852962104,
      4967.697966164965,
      7126.906025538487,
      9337.698209108685,
      11603.092899281477,
      13925.936015998228,
      16309.071264230814,
      18755.981659226192,
      21269.6328216501,
      23853.3331604446,
      29245.811857566652,
      34967.69370075801,
      41069.26131554361,
      47607.00493888696,
      54650.56541659443,
      62290.19159948567,
      70644.77853892163,
      79879.3687923794,
      90235.75594419402,
      102115.94165751657,
      108848.1087494221,
      116302.30745396054,
      124680.6256318385,
      134258.68645544382,
      145447.86204008706,
      158951.18437837108,
      180286.98105640314,
      200573.22229686778,
      231818.94282969256,
      257000.09269340424,
      301008.1372206812,
      324221.55073297117,
      346599.3105938897,
      381698.96921232087,
      410665.4904954538,
      461908.7173851903
    ],
    "q_overall": 0.0018890039464112172,
    "q": [
      0.00747990065024904,
      0.00725281194408713,
      0.006852847517269114,
      0.0063193228974687396,
      0.005799734467621993,
      0.0053155807814138575,
      0.004849018935809786,
      0.004385600349220702,
      0.003955116725389299,
      0.003582576069562884,
      0.0032492350525273155,
      0.0026912129685411922,
      0.0022123046428614065,
      0.001772630606085316,
      0.0013695158357906994,
      0.0010032304953769867,
      0.0007032283331677357,
      0.00046935038098888264,
      0.0002832745253809991,
      0.00015188248982217275,
      6.932813051875211e-05,
      4.246418593363544e-05,
      2.417486767031355e-05,
      1.2649634212707378e-05,
      6.417513643965618e-06,
      3.5738469230672998e-06,
      2.6420242417136282e-06,
      2.6282270980190946e-06,
      2.8489561923401096e-06,
      3.0717764072372243e-06,
      3.170850933816057e-06,
      3.3487391149296907e-06,
      3.4514762272420945e-06,
      3.544621562589917e-06,
      3.699688590168702e-06,
      3.819475927227844e-06,
      3.936333382047732e-06
    ],
    "u_overall": 6.962196444951495,
    "u": [
      0.010079833307147191,
      0.24696644691752992,
      0.47251716857148274,
      0.7117522135190925,
      0.9344048351770484,
      1.1416028835645238,
      1.3697977678308062,
      1.6431614062620397,
      1.9158866319143455,
      2.1873701918894897,
      2.456556838751758,
      2.973521274961112,
      3.572514969462293,
      4.243832057436142,
      5.069690886703399,
      5.97197119409635,
      6.9765913395581105,
      8.182337522043765,
      9.535691596231212,
      11.182988786160955,
      13.103048152985311,
      13.88344021775282,
      14.357224109430382,
      14.39501539969007,
      13.73633225985201,
      12.246519074459844,
      10.084733138287962,
      5.353129520965919,
      3.120480701283693,
      4.765031385370314,
      7.305943947584976,
      9.782483586443464,
      10.18882711207413,
      10.337683442201467,
      12.379638764993823,
      16.069382373694005,
      15.693119431776521
    ],
    "v_overall": 0.04615571709442002,
    "v": [
      0.3874547597714943,
      0.38910252557437947,
      0.413766824219954,
      0.41272668460793627,
      0.3772506062505719,
      0.31747785201699513,
      0.2578607341397762,
      0.2076221608917194,
      0.1641076955502822,
      0.12431442676955111,
      0.08770253156032083,
      -0.023839137476643166,
      -0.13806774734917987,
      -0.18105654094082896,
      -0.14384442719018484,
      -0.12638083787301707,
      -0.062477673586279425,
      -0.025056723472535253,
      0.02680021824794845,
      0.028349380152198674,
      0.04711000980701115,
      0.00940335938478218,
      -0.0038136155823195986,
      -0.23882984638140628,
      -0.4298498230403736,
      -0.13017038882357404,
      0.14179404710360202,
      0.0024474702606694983,
      -0.16362736326168564,
      0.11234234136615812,
      0.1624457150178728,
      -0.046710810350478936,
      -0.01155593079619717,
      -0.3958075925627444,
      0.14523902971841168,
      0.25682317457759046,
      -0.24329155580823678
    ],
    "t_overall": 247.39499909732208,
    "t": [
      283.77652447693595,
      282.2940057936463,
      281.02324518404197,
      279.9925206244203,
      279.0452098962246,
      278.10884127626434,
      277.1310624408178,
      276.13003242246947,
      275.0710295893522,
      273.8849986186434,
      272.5973478254065,
      269.7557338177873,
      266.79789584379273,
      263.46999234431587,
      259.4894324796926,
      254.99777573555969,
      249.89645286885738,
      244.11803733470316,
      237.61560369177948,
      230.5256043745568,
      223.9003355588544,
      221.48322183906177,
      219.51922428803041,
      217.631563924718,
      215.23339655443044,
      212.36162113983912,
      209.40478330422008,
      208.56568959295373,
      211.40145181793153,
      214.74005485507627,
      218.0159506224175,
      224.6036830996747,
      229.04238724599065,
      234.45150869989416,
      244.72681036443734,
      252.83256660234508,
      259.97937045177446
    ],
    "r_overall": 39.69963400608823,
    "r": [
      76.18240315920583,
      77.73913078790619,
      77.6042309141137,
      75.35246331744283,
      72.3151810491355,
      69.14224447095812,
      66.13789867729173,
      62.650023832396855,
      59.44916854276185,
      57.11919050750536,
      55.310087495975196,
      52.97993058559248,
      50.941148659991526,
      49.27405221291308,
      49.059424093908994,
      49.15029071448011,
      49.74856066505022,
      51.19961386126773,
      52.55170617911716,
      53.492549974600735,
      48.33854781558801,
      41.892805437212,
      35.339901119247386,
      28.878650902896673,
      24.59145618112915,
      22.249195028940296,
      22.65433697621712,
      15.076720548929332,
      8.654218279717425,
      6.847948974194136,
      4.638217368376759,
      1.4387189824008098,
      0.6116676889556255,
      0.22238931278459292,
      0.0405815449348987,
      0.010614293851144992,
      0.001188068274018339
    ],
    "w_overall": 0.0038533723312007212,
    "w": [
      0.021505473997104625,
      0.021525683397871264,
      0.020237664122632185,
      0.018330551255629268,
      0.016294831152339987,
      0.014090952121489477,
      0.011873998067323517,
      0.009941201041743796,
      0.008201733008796362,
      0.0065767737341728095,
      0.004870604057858732,
      0.001592036597183846,
      -0.0020405579612662564,
      -0.002432569896776185,
      -0.001932117681434221,
      -0.0013336237194468675,
      -0.0011886006162904741,
      -0.0010741678991272189,
      -0.0008564469479581281,
      -0.00041195838141650773,
      -0.00024596520134509485,
      -0.00013693431654959655,
      -0.000276182289023597,
      -0.0004646388862364133,
      -0.00022684794799409638,
      0.0003313509005944706,
      0.00016022377746060002,
      -7.220269682448163e-05,
      -7.264303635661748e-05,
      -0.00010675907245235646,
      -6.636139203484721e-05,
      -4.608623050801981e-06,
      2.683522539966223e-07,
      -5.5994177694992324e-06,
      2.972020898665903e-06,
      -1.6025339791028522e-05,
      3.26997221737875e-06
    ]
  },
  "std": {
    "z_overall": 128375.44543371568,