{
  "mean": {
    "t2m": 281.2951672755215,
    "u10": 0.016125524494125878,
    "v10": 0.49946483013019627,
    "u100": 0.007642651735900418,
    "v100": 0.5604157270130823,
    "tcc": 0.6794794458291402,
    "sp": 96686.86720594317,
    "msl": 100980.72473922215,
    "tp": 0.0997338094371808
  },
  "std": {
    "t2m": 20.633975262384165,
    "u10": 5.462201913242763,
    "v10": 4.876177573509925,
    "u100": 6.8756529825634365,
    "v100": 6.320174427577837,
    "tcc": 0.3609370907509872,
    "sp": 9625.273701374026,
    "msl": 1259.5775626853995,
    "tp": 0.43599228769384923
  }
}