{
  "mean": {
    "z_overall": 125039.28451752773,
    "z": [
      760.2017404453691,
      2828.2671693201955,
      4943.538342920528,
      7108.297476864346,
      9324.5288787696,
      11594.80068481276,
      13922.584981555325,
      16311.246795297811,
      18763.162097877175,
      21281.2106262762,
      23868.962789552512,
      29268.91461246918,
      34997.591650653994,
      41102.98461470855,
      47644.41820617102,
      54692.99600658326,
      62337.56459336007,
      70696.39782687378,
      79933.68093215441,
      90291.44898674681,
      102175.88656717137,
      108905.05482113962,
      116349.42507031129,
      124715.86730572893,
      134276.1227057328,
      145438.22912380568,
      158912.46076870474,
      180248.6895688858,
      200533.1925195523,
      231746.3442084682,
      256887.67734338882,
      300818.76727442595,
      323992.3722443751,
      346346.16495704267,
      381437.5594997303,
      410414.249633996,
      461582.66452265374
    ],
    "q_overall": 0.0019593395565579703,
    "q": [
      0.007703287361643869,
      0.0074838833786052775,
      0.007124511864381856,
      0.006616255016003939,
      0.006106165831028387,
      0.005589047935403296,
      0.005032100895082787,
      0.004526485242477375,
      0.004097358321278126,
      0.003718050815960205,
      0.0033698054502160784,
      0.0027765476332352428,
      0.0022718684149441223,
      0.0018157568274718159,
      0.0014143650810906133,
      0.0010364383903297008,
      0.0007174302847110886,
      0.0004697827256189214,
      0.0002799900138949208,
      0.00015192334580630765,
      6.92178579429032e-05,
      4.254423864130238e-05,
      2.4085145287655547e-05,
      1.2491265967446676e-05,
      6.2408946323525765e-06,
      3.6405013557479793e-06,
      2.7383318263955976e-06,
      2.6566867905748983e-06,
      2.8311311199380494e-06,
      3.063347758827187e-06,
      3.177576898455586e-06,
      3.3579740850690533e-06,
      3.457385353203517e-06,
      3.549675660486442e-06,
      3.7126770512774888e-06,
      3.822135966173389e-06,
      3.921937123158387e-06
    ],
    "u_overall": 6.542491337709767,
    "u": [
      0.1934422610996133,
      0.45456344691497147,
      0.672613299177725,
      0.9077476295709868,
      1.1372837564577434,
      1.3719024488896172,
      1.6262657331307069,
      1.8665760723977596,
      2.1134368421484315,
      2.365189239647745,
      2.6143901917246977,
      3.1636086750662478,
      3.751276288478579,
      4.379288174974145,
      5.033125781821881,
      5.755179994641623,
      6.643993998595279,
      7.731768550981559,
      9.0901238735256,
      10.607996403092613,
      12.175839227284575,
      12.759921836059402,
      12.98243356329356,
      12.869773707431717,
      12.215302683300736,
      11.144314233759626,
      9.237715952898656,
      5.165645706240248,
      3.3431595166083348,
      5.536887802051127,
      7.418209469213675,
      9.535465261054012,
      9.516915046079333,
      9.533282308920926,
      11.112434743927373,
      13.616589505493522,
      12.428516269307012
    ],
    "v_overall": 0.0906832867019279,
    "v": [
      0.5818176702204572,
      0.5869763208989793,
      0.5682468526590071,
      0.5415335500161331,
      0.4855516757926876,
      0.41480033640538916,
      0.36378640880164387,
      0.3316418336635195,
      0.294598425355048,
      0.24857298365578406,
      0.20888231912072955,
      0.09751681961104249,
      -0.010574514359938454,
      -0.03791457864164957,
      0.012888159702657864,
      -0.03869801034984686,
      -0.11448460480596971,
      -0.08208118802613076,
      -0.07565189196380413,
      -0.07398526066347857,
      -0.22136444830163304,
      -0.3781180739347658,
      -0.43131095896812155,
      -0.38452695675193116,
      -0.24261894772794584,
      -0.054201130507668026,
      0.09528471437766678,
      -0.09637470312966535,
      -0.34290392189772473,
      0.1986434990607603,
      0.05523536318824405,
      0.11426762995173924,
      0.09662791155284424,
      -0.20552500599722848,
      0.06075171760021768,
      0.41329286539751164,
      0.3746987469667719
    ],
    "t_overall": 247.4414596976547,
    "t": [
      284.06919701384146,
      282.69065234429263,
      281.6144555230302,
      280.6002690507921,
      279.56612476496434,
      278.559229673276,
      277.6504237640141,
      276.64317300384704,
      275.480399420361,
      274.2366971981656,
      272.9093823510962,
      270.01824083285624,
      266.94518435909265,
      263.53770784121446,
      259.66537326878,
      255.1679353382136,
      250.04297988234362,
      244.2183278820257,
      237.6601282983628,
      230.55886043478628,
      223.94197247923017,
      221.24474505740332,
      219.22619052698255,
      217.28196012320882,
      214.76521896806736,
      211.8253909001238,
      209.08968759349506,
      208.72771814410686,
      211.2618233859291,
      214.442235341912,
      217.6693504118335,
      224.19575387334802,
      228.70900920386453,
      234.28787060110204,
      244.7690811832103,
      252.87073339238006,
      259.19052538167057
    ],
    "r_overall": 41.26403300669478,
    "r": [
      77.55308933963595,
      78.61736346450162,
      78.03558042033517,
      76.09606203876716,
      73.62333795056172,
      70.60546109765276,
      66.51162005340692,
      62.8737332238422,
      60.27795564720858,
      58.07594567497627,
      56.278394853644386,
      53.84168238531626,
      52.50503263435575,
      51.712826679142,
      51.532129991934504,
      51.33053657318929,
      51.628699025694075,
      52.9887970805407,
      53.887189378305216,
      53.73374347801873,
      49.823558767287565,
      46.006874524316174,
      39.18580815378387,
      31.75477368341336,
      27.1315112025478,
      26.199185236445707,
      26.023008933654527,
      16.679062592025772,
      12.17295487116862,
      10.209863312640666,
      6.8738790543365,
      1.918489096969595,
      0.7646543279258624,
      0.2586676811053373,
      0.045199534296427236,
      0.011504601125755881,
      0.0010446836340325966
    ],
    "w_overall": 0.004475448164506777,
    "w": [
      0.0223218862292836,
      0.022469787491839404,
      0.021341836682121383,
      0.01943855076950198,
      0.01755216410097971,
      0.015359585956462378,
      0.013006699054004929,
      0.01075983583917969,
      0.008823514377819149,
      0.007158483909998456,
      0.005440963437072594,
      0.0028087195344837627,
      0.0006768893710562767,
      0.00023582597821606457,
      6.6892530135885e-05,
      0.0001929624548383111,
      0.0003290607301309638,
      0.00018448008835490227,
      -7.67696214247639e-05,
      -0.00021971386447858877,
      -0.0004633276391642949,
      -0.0003264355023848954,
      -0.0002445745034584519,
      -0.0003289614092644162,
      -0.000170631749656796,
      3.0744496470589653e-06,
      -0.0001571481557450138,
      -0.00011003146940946469,
      -0.00010302330977671649,
      -0.00018352407724983355,
      -6.550427558958888e-05,
      -4.624851974579013e-05,
      -2.039864390633804e-05,
      -4.109924977467596e-05,
      -1.799796464943265e-05,
      -1.0433367550106698e-05,
      6.192424853422329e-06
    ]
  },
  "std": {
    "z_overall": 128332.87960289464,