{
  "mean": {
    "z_overall": 124996.0591468422,
    "z": [
      719.6290180979349,
      2787.776221562828,
      4902.424092421736,
      7066.685745809493,
      9283.127374330597,
      11554.032191497148,
      13882.241974880568,
      16270.77475005779,
      18722.452286802665,
      21240.184810954113,
      23827.379290072622,
      29226.06981755182,
      34952.87130251676,
      41055.23127480159,
      47592.67077578402,
      54636.548515516646,
      62276.52930704847,
      70631.39833420019,
      79865.10128462591,
      90217.05096509478,
      102096.66728020496,
      108829.95014495685,
      116284.13622958084,
      124660.35148665048,
      134226.6932804554,
      145391.3849456773,
      158865.77298986746,
      180209.7129979581,
      200500.79659808907,
      231712.34810063185,
      256853.87832485745,
      300785.5369981892,
      323960.7853338342,
      346313.0901101865,
      381398.67734820466,
      410390.3004526892,
      461663.9264775004
    ],
    "q_overall": 0.0019690410943897798,
    "q": [
      0.007767017632316749,
      0.0075365822215940495,
      0.007173461641795887,
      0.006653405417256944,
      0.0061416618908572505,
      0.005636392641950967,
      0.005106041719328084,
      0.004596341523265373,
      0.0041555122910766264,
      0.003759637143894555,
      0.003393850343181878,
      0.002754564081013019,
      0.0022311645658365125,
      0.0017854167992979776,
      0.0013775610879324803,
      0.0010111052315465172,
      0.0007041912169787966,
      0.0004563330626190261,
      0.0002775560487228074,
      0.00014793048705471197,
      6.63949774002913e-05,
      4.082400996328801e-05,
      2.324933889637877e-05,
      1.2167282035140661e-05,
      6.208457612969699e-06,
      3.6298778403161367e-06,
      2.764805413342904e-06,
      2.6589334276136227e-06,
      2.8268069967433842e-06,
      3.059691705785642e-06,
      3.1772975538225185e-06,
      3.35900721846244e-06,
      3.460130425110224e-06,
      3.553616935901964e-06,
      3.7160864005944385e-06,
      3.822666685723311e-06,
      3.920458390145183e-06
    ],
    "u_overall": 6.652742558016825,
    "u": [
      0.3273156892538695,
      0.5725311189940429,
      0.8081918199985673,
      1.0855473725743205,
      1.3369204834661603,
      1.5622556547957662,
      1.8117760453537959,
      2.078712295717994,
      2.3484424108422064,
      2.61053494262225,
      2.8739175214222206,
      3.418328224401993,
      4.028382439686092,
      4.7385725750616725,
      5.478881487917654,
      6.332627039283427,
      7.322401086081523,
      8.385034186741956,
      9.688591203059083,
      11.312997709295749,
      12.726466811943318,
      13.146907126464468,
      13.217200232823396,
      12.938133706045658,
      12.407376223261542,
      11.107037142352231,
      9.13159004219656,
      5.32007681625726,
      3.3163829190316965,
      5.500100225482999,
      7.940821666015023,
      9.169369520474554,
      9.05448043618663,
      8.91731836157599,
      9.786548222626903,
      13.252451261325506,
      11.097252625988451
    ],
    "v_overall": -0.01011586747012974,
    "v": [
      0.4293198631217252,
      0.37182753385537065,
      0.34708663745256396,
      0.3062574664365898,
      0.24562197994021132,
      0.17136673112370454,
      0.09711491547594968,
      0.045991476843474294,
      0.018736711755741688,
      -0.005150254934883794,
      -0.04171710414830627,
      -0.07119697644872573,
      -0.12168152448043082,
      -0.07549584221630476,
      -0.06447326500255239,
      -0.09328333783689827,
      -0.11552638152215529,
      -0.003793305332220874,
      0.10068140122496966,
      0.05740209007175003,
      -0.15655578481598065,
      -0.34122864183392687,
      -0.4311837257341751,
      -0.44364843275940535,
      -0.33248535570111437,
      -0.22676863168453945,
      -0.17402485591602135,
      -0.11310211666046627,
      -0.12964181487044782,
      -0.28428394483994546,
      0.22089588896007306,
      0.17671024524149642,
      0.11509480022983606,
      -0.4066115065557157,
      -0.016640398693040626,
      0.7522504844436257,
      -0.18215212058462518
    ],
    "t_overall": 247.42012357194466,
    "t": [
      283.9647887103968,
      282.5356459268566,
      281.3743725578413,
      280.43576169734854,
      279.4816753457114,
      278.49773937991927,
      277.51321259125444,
      276.47995986725374,
      275.3266395833096,
      274.0695582438478,
      272.7357824416388,
      269.86075200260024,
      266.74048041280344,
      263.4157255663308,
      259.48881019219573,
      255.0120318458047,
      249.9031791360743,
      244.1266984066733,
      237.55245944684634,
      230.41888724679959,
      223.96406576009943,
      221.4866882954417,
      219.52261051737045,
      217.48933360416802,
      214.84721955093477,
      211.83041216197302,
      209.13815364899372,
      208.83469363521365,
      211.2952252490731,
      214.43282482695702,
      217.65152034727188,
      224.2272561788008,
      228.7013848161161,
      234.2610281560101,
      244.7554894522868,
      253.22070030866996,
      259.9518050510649
    ],
    "r_overall": 40.45894155665362,
    "r": [
      77.29773628639506,
      78.69623664993868,
      78.49591497725886,
      76.13109278577096,
      73.29508815461087,
      70.11331505439463,
      66.45992332515868,
      62.892244229715,
      60.09948810813399,
      57.85559435854282,
      55.9599552939157,
      53.03298001096932,
      51.162797937416705,
      49.94871574634568,
      49.87723840974773,
      49.894161127157034,
      50.357140559037965,
      51.24203806791583,
      52.70871555970545,
      52.246999068691174,
      46.8632870425032,
      42.17864021470411,
      35.56494886976503,
      29.125492374553684,
      26.160493335398343,
      25.89371571365223,
      25.78774259954847,
      15.324090445554551,
      11.496762957119541,
      10.567724918876067,
      7.245618237097073,
      1.9070556726573487,
      0.7649515019469203,
      0.27527671590261776,
      0.04635144213296074,
      0.010343355088545872,
      0.0009664888610087188
    ],
    "w_overall": 0.00473534181843896,
    "w": [
      0.022601337377013548,
      0.02254265573436627,
      0.021136307977237544,
      0.019104995145546415,
      0.01692843658381424,
      0.01462761450849966,
      0.012526418498088186,
      0.010691607018651681,
      0.009042282533638282,
      0.00763527327425988,
      0.006336297664092674,
      0.004305216247963049,
      0.0020398383479324836,
      0.0014957479123324086,
      0.0011662066855440156,
      0.001021025268629935,
      0.0011536964596392542,
      0.0009555248766655289,
      0.0002577407644092256,
      0.00010845480025466775,
      0.0002312530444682076,
      0.0003269620881570765,
      0.00010581637479653066,
      -5.555643030814166e-05,
      -0.0002948034083389468,
      -0.00025460012044684695,
      -0.00017137446082378686,
      -7.354752972232927e-05,
      -0.00015706976126184227,
      -4.1077355240651206e-05,
      -2.453854426082541e-05,
      -5.049406793235465e-05,
      -1.9273074166692814e-05,
      -2.2543948169554818e-07,
      9.666941973879774e-06,
      -2.3134556807213635e-06,
      2.144801931731009e-06
    ]
  },
  "std": {
    "z_overall": 128355.08933318933,