{
  "mean": {
    "t2m": 281.28919877836967,
    "u10": -0.20278732951166156,
    "v10": 0.2684872690013569,
    "u100": -0.2528625206102996,
    "v100": 0.2786386161542009,
    "tcc": 0.6847289729254292,
    "sp": 96709.73480461075,
    "msl": 100988.2247071968,
    "tp": 0.09782706934308248
  },
  "std": {
    "t2m": 20.651929422020423,
    "u10": 5.457453060169086,
    "v10": 4.977027824142169,
    "u100": 6.8922971102049395,
    "v100": 6.505432604182433,
    "tcc": 0.3592492239657021,
    "sp": 9715.267860866928,
    "msl": 1368.2433653069913,
    "tp": 0.41061803328684254
  }
}