{
  "mean": {
    "z_overall": 125027.74213163275,
    "z": [
      744.9878040527118,
      2812.5923493607384,
      4927.306142502313,
      7091.785330691186,
      9308.054673654453,
      11578.746138657729,
      13906.958642991987,
      16295.588264274156,
      18747.488732855603,
      21265.639342180035,
      23853.418930112497,
      29253.864459325396,
      34983.15018805864,
      41089.74272097492,
      47630.39318052666,
      54676.826920678264,
      62318.94580950244,
      70675.9515899503,
      79912.29774763061,
      90268.00812143627,
      102148.73504295731,
      108879.72854831253,
      116328.52127013022,
      124700.30455434196,
      134264.74600863,
      145427.00307780475,
      158901.18565842195,
      180243.95219891355,
      200531.97407921098,
      231742.32509342735,
      256885.21090017722,
      300818.7010623748,
      323986.7354436354,
      346332.98140121746,
      381419.99209816614,
      410424.33271112654,
      461648.28263214673
    ],
    "q_overall": 0.001965021828662881,
    "q": [
      0.007734023801693347,
      0.0075109856911283615,
      0.007157633426670065,
      0.006632667962433282,
      0.006116720368585949,
      0.005617794977488643,
      0.0050957085341355275,
      0.004586447718707687,
      0.004138537118658272,
      0.0037481100103235777,
      0.0033867180090127714,
      0.0027659022880609924,
      0.0022401073632701525,
      0.001785118814887509,
      0.00138673962703391,
      0.0010140309838730416,
      0.0007115278901816427,
      0.00046042704139716056,
      0.0002754279356744471,
      0.00014965252775187907,
      6.788849872720516e-05,
      4.153831832092109e-05,
      2.356440251120663e-05,
      1.2298268494903997e-05,
      6.253918134552153e-06,
      3.6676794365627704e-06,
      2.753136196360137e-06,
      2.6591472524589203e-06,
      2.834982172932534e-06,
      3.062856924929841e-06,
      3.1791096465679667e-06,
      3.3583825400786878e-06,
      3.457432657734303e-06,
      3.551461419933375e-06,
      3.7149353880819117e-06,
      3.822317690524119e-06,
      3.920722043422719e-06
    ],
    "u_overall": 6.550010790623524,
    "u": [
      0.2623056243318019,
      0.5293598106267878,
      0.7405168768179804,
      0.9798555141054512,
      1.2075963561607264,
      1.3981845224926919,
      1.6006769470412368,
      1.833957648486712,
      2.087385239985456,
      2.3529078845269398,
      2.6215252212428,
      3.159795641241428,
      3.734577354258318,
      4.384028817134345,
      5.084361387721047,
      5.8794566311588605,
      6.866173200861554,
      7.939377267020089,
      9.271081512399439,
      10.903095629476477,
      12.575392021782354,
      13.144500770986236,
      13.309805328420873,
      12.972339454118268,
      12.38716385515542,
      11.16755080403119,
      9.24447392925016,
      5.243610976418025,
      3.1776499336279125,
      5.385140383116801,
      7.567536171677851,
      9.17665093184289,
      9.39993191838246,
      8.93087911619062,
      10.692044148744209,
      13.394115996482027,
      11.745394425752957
    ],
    "v_overall": 0.024740719393150843,
    "v": [
      0.5887685299874968,
      0.5682742023159385,
      0.5684503234026153,
      0.5055932211791409,
      0.45581253670198485,
      0.3983457492705504,
      0.3321382242462304,
      0.2978078878905046,
      0.2754077259427613,
      0.23260506088955227,
      0.19787474532472019,
      0.13683084390034458,
      0.07379230905486689,
      0.04458034901612344,
      -0.03896152956641167,
      -0.12946196714963545,
      -0.19337332071958915,
      -0.11955528735453147,
      -0.06185651976993518,
      -0.17550045677134501,
      -0.33875465810455074,
      -0.4444990398226506,
      -0.44502592634982036,
      -0.3454446398434791,
      -0.3770612674642002,
      -0.23455766338948605,
      -0.2699047260869356,
      -0.12354439053334851,
      -0.07081178102862175,
      -0.31911488846208486,
      -0.2184828218720804,
      -0.1266937570958425,
      -0.17393715820688738,
      0.22140795689625592,
      0.1233407006312967,
      0.5353287093535394,
      -0.4344106588659053
    ],
    "t_overall": 247.4290823890235,
    "t": [
      283.9060240779347,
      282.5306302768274,
      281.44589366896673,
      280.4727004238152,
      279.48763923615627,
      278.5228245208142,
      277.561241339388,
      276.5284209866611,
      275.3978462018774,
      274.15544019627964,
      272.83999794217686,
      269.9923026287275,
      266.9829683263564,
      263.5549342129737,
      259.60536131251115,
      255.08613183212162,
      249.97465045615618,
      244.18037888657278,
      237.63942576123415,
      230.47954397097192,
      223.94349490991817,
      221.35276135406284,
      219.36625439953522,
      217.41714115410304,
      214.80996787203057,
      211.79864455346683,
      209.1390836342106,
      208.78355913613422,
      211.3006874210277,
      214.41694595400404,
      217.6925782557426,
      224.16607388728463,
      228.61935935735445,
      234.2291998997402,
      244.85256432874084,
      253.21323353659668,
      259.4301424813943
    ],
    "r_overall": 40.602946591626015,
    "r": [
      77.50030062512047,
      78.67837454458932,
      78.24909073942375,
      76.06307372448165,
      73.27677960553987,
      70.14380412459337,
      66.5410984251767,
      62.958547223948024,
      60.01494855823052,
      57.794238395966666,
      55.905561088677054,
      53.26741133367433,
      51.08069816597678,
      50.10305573332473,
      49.8778535922745,
      49.78605961353758,
      50.44506519248075,
      51.4358116629238,
      52.75054642241474,
      52.96046549467317,
      47.54899708817876,
      43.24082285105645,
      36.57177549638973,
      29.939625464525953,
      26.694035741056524,
      26.467523386121474,
      25.58730772446194,
      15.812931811613717,
      11.750916183975681,
      10.215911839377508,
      6.690112603769352,
      1.8719562114908277,
      0.7650683359398985,
      0.26660868190531506,
      0.04179218683454126,
      0.009811550874761602,
      0.00104246556251613
    ],
    "w_overall": 0.006400299493752386,
    "w": [
      0.024905256094119088,
      0.02484309081396349,
      0.02333209939722398,
      0.021248959973259283,
      0.01935736523477005,
      0.017230645378302087,
      0.01546391825000647,
      0.013842347230762818,
      0.012383692796213047,
      0.011043003891774256,
      0.009710747032030316,
      0.007756632115444466,
      0.006538233651937037,
      0.005923038382140013,
      0.005575741529648431,
      0.004924347316526195,
      0.0043011185200303665,
      0.003503404653463659,
      0.002686301966370447,
      0.0010729279902448345,
      0.0006280077497623683,
      0.0003414185797787903,
      0.00014542100388751337,
      0.0001471749180949401,
      -0.00020546606719025405,
      -4.101214009856825e-05,
      0.00019593476183628664,
      -5.173554569643549e-05,
      4.449871512660078e-05,
      2.018227050329765e-05,
      -6.000542975037872e-05,
      1.3840472244448463e-05,
      3.66839812889105e-06,
      -9.921817276911002e-06,
      -8.325072544751614e-07,
      -3.708375448217229e-06,
      7.440639600343744e-07
    ]
  },
  "std": {
    "z_overall": 128346.81796395614,