{
  "mean": {
    "z_overall": 124992.86740264205,
    "z": [
      756.7124401481112,
      2824.107191286456,
      4937.699380501159,
      7100.328335555534,
      9315.010928022102,
      11584.60811096182,
      13911.752328459701,
      16299.255139587185,
      18749.95720666705,
      21266.557850063567,
      23852.427551914778,
      29248.148778822815,
      34971.34114198066,
      41069.03022097492,
      47602.13217127061,
      54641.74757751098,
      62276.83467770202,
      70627.12704243253,
      79856.31042581677,
      90205.97112758129,
      102082.87440524349,
      108812.70374624364,
      116262.32563376483,
      124632.73521921714,
      134194.96389370473,
      145354.94865878794,
      158820.47161349977,
      180161.5800783056,
      200450.02422898368,
      231662.8709291686,
      256804.1503149561,
      300735.92325377563,
      323906.274925836,
      346262.4551847357,
      381371.7846731006,
      410394.6160675759,
      461728.33144359686
    ],
    "q_overall": 0.0019713376872135097,
    "q": [
      0.00781502341739708,
      0.007570913660765245,
      0.007190330299854935,
      0.0066511723781096654,
      0.0061283054127464045,
      0.005629416945692316,
      0.005126030227302423,
      0.00461167760091095,
      0.0041614494042237875,
      0.0037579429862626516,
      0.0033833886028604414,
      0.0027437077831834345,
      0.0022315821286052685,
      0.001783399283864275,
      0.0013672416027907877,
      0.0010125202500274979,
      0.0007041540525497211,
      0.00045462751440035747,
      0.00027590684522560795,
      0.00014875219027075893,
      6.8224016093508e-05,
      4.194980888535004e-05,
      2.3526728283560128e-05,
      1.2153273107381018e-05,
      6.180025867389291e-06,
      3.61085374391611e-06,
      2.764032058574991e-06,
      2.6621231171129283e-06,
      2.816800498043724e-06,
      3.0569794650818993e-06,
      3.1769217114231625e-06,
      3.3575580437046757e-06,
      3.4594059926075395e-06,
      3.5541899841818697e-06,
      3.7157429920319763e-06,
      3.823610865376997e-06,
      3.919769147000257e-06
    ],
    "u_overall": 6.506542944548766,
    "u": [
      0.05087510295743879,
      0.24103631289866143,
      0.47477784670451917,
      0.742829222259545,
      0.9950954851705169,
      1.2156322383425016,
      1.4500116939371255,
      1.7266681748153727,
      2.023409663585581,
      2.3106533375629974,
      2.5937391065085205,
      3.2036165277108073,
      3.793093997639635,
      4.424915765088334,
      5.106573473630103,
      6.00355197614322,
      7.030635578016192,
      8.11826496003754,
      9.52217439630032,
      11.123453583690157,
      12.558224341042292,
      12.92950127787244,
      13.037419898529452,
      12.94952594241517,
      12.46385541690445,
      11.172960519048463,
      9.12093759537625,
      5.28990684364661,
      3.516814708195329,
      5.74760615348375,
      7.887804571919787,
      9.558743377840745,
      9.647912858671134,
      8.858662326370077,
      10.344605896494608,
      12.972757591497992,
      10.533841185996705
    ],
    "v_overall": 0.019978242966067934,
    "v": [
      0.46540538066523635,
      0.44580360209194164,
      0.4347092034581961,
      0.4245478592001247,
      0.3823112028077564,
      0.31221366949341556,
      0.22330986184025972,
      0.14062710928244554,
      0.07601784282701375,
      0.03694135948365744,
      0.02249693639070085,
      -0.026728517224010102,
      -0.029305808763508436,
      0.015757859868322836,
      0.042660606644116486,
      0.0615653263914473,
      0.06958652966047109,
      0.04669928572030552,
      -0.006406962123852626,
      -0.008487235234025852,
      -0.26442771249677943,
      -0.430376107116972,
      -0.5967159530491505,
      -0.6685361841313184,
      -0.3829419615015555,
      0.06630101820448547,
      0.21748320117608885,
      -0.13460712688585372,
      -0.24686013155752162,
      0.10446301262006497,
      -0.3004780085506783,
      0.09380643941309331,
      -0.08364288287751387,
      0.1322289864111983,
      0.14345527939334235,
      0.3017101408355426,
      -0.34139213262197327
    ],
    "t_overall": 247.34547994429406,
    "t": [
      283.84831756839293,
      282.40815955701567,
      281.2015726838132,
      280.1986181776041,
      279.291937143282,
      278.36080310696315,
      277.39046922349513,
      276.3651914370374,
      275.2135040456478,
      273.9400152682597,
      272.59547597809,
      269.70609370899007,
      266.5979230269645,
      263.22134666194495,
      259.34061790133575,
      254.8449810759976,
      249.75705301271856,
      243.994056896128,
      237.46644803790986,
      230.38877708939452,
      223.86446395829344,
      221.36317337043187,
      219.37328853292667,
      217.35304517976712,
      214.78001066041224,
      211.71619782655773,
      209.01739568029865,
      208.79732097520503,
      211.2752392589412,
      214.4353647778482,
      217.6688133857011,
      224.16835151257325,
      228.67506922302857,
      234.370284125066,
      244.9624662966294,
      253.49931766758678,
      260.33159390662775
    ],
    "r_overall": 40.91569774980802,
    "r": [
      78.05494129285124,
      79.39201512820755,
      79.24909060147905,
      76.95623747562844,
      73.67180928732677,
      70.36849037046369,
      66.93676577037647,
      63.28110289425967,
      60.41110353897066,
      58.21383915004368,
      56.32412595764609,
      53.50520354801728,
      51.876651297439174,
      51.014442104778155,
      50.063367550845946,
      50.14390014734818,
      50.57814601362349,
      51.41022045711171,
      52.888265117349285,
      52.61905910241577,
      48.477039542238046,
      43.59145043849403,
      36.62311065396867,
      29.97810083863274,
      26.117378415877656,
      26.093836782087433,
      26.469218311286024,
      16.133590789726913,
      11.947535064960688,
      10.927654764497856,
      7.394116330203108,
      2.0866442458821624,
      0.7707157829496536,
      0.25805887042904807,
      0.04277806835416531,
      0.00987348407635497,
      0.0009375530502000079
    ],
    "w_overall": 0.0037466227203050346,
    "w": [
      0.020893762629358038,
      0.02087207728935732,
      0.019394993528523932,
      0.017453396656531953,
      0.015491135165584457,
      0.013470729934285575,
      0.0115694347892452,
      0.00978898295159883,
      0.008072249138735534,
      0.0063125384902895315,
      0.004577060516634897,
      0.001386529055669029,
      -0.0017122596415041923,
      -0.0016742846212212193,
      -0.0006859305974496202,
      -0.00048190072938939936,
      -0.000173050311225683,
      -2.1958935332419527e-05,
      -0.0004897870824928183,
      -0.0006723761356451935,
      -0.0009101070228279197,
      -0.0005426444484118707,
      -0.0004273043224083696,
      -0.0005274422419679277,
      -0.0005740961247369346,
      -0.0006184909942246013,
      -0.0005467404108933701,
      -0.0002490815790799241,
      -3.953661237444196e-05,
      -0.00010306671121708691,
      -0.00011796017497029322,
      -6.464533490601151e-05,
      -1.7599426445304788e-05,
      -9.115954028896896e-06,
      1.3835666396067128e-05,
      -3.865964011467005e-06,
      -8.439784159111415e-06
    ]
  },
  "std": {
    "z_overall": 128340.44344307459,