{
  "mean": {
    "z_overall": 125055.43745939327,
    "z": [
      760.0430743674391,
      2825.2193907327546,
      4935.934034068471,
      7095.1308679532185,
      9305.740005080714,
      11571.232112758129,
      13894.956022571852,
      16279.535381751812,
      18727.965987753312,
      21243.112693115272,
      23828.19609218485,
      29223.138446433386,
      34946.26440033133,
      41045.01705169325,
      47579.98985554881,
      54622.40504507628,
      62261.863128467405,
      70615.90680919829,
      79849.13550070311,
      90205.94954923716,
      102091.15822353213,
      108827.827716135,
      116283.90866032902,
      124659.2405855101,
      134232.91575502773,
      145420.91118864616,
      158925.59494047618,
      180273.87165876868,
      200577.82351286794,
      231848.52226989905,
      257043.08330540144,
      301041.26585856837,
      324224.79448104487,
      346577.3850391046,
      381654.94142972725,
      410661.13203305594,
      461890.07389043
    ],
    "q_overall": 0.0019247914146786568,
    "q": [
      0.007583436503304307,
      0.0073692196567531594,
      0.007010855269300621,
      0.006481183544012818,
      0.005935486447710999,
      0.005411496980462098,
      0.004926495503341714,
      0.0044747723577832545,
      0.004047187771264851,
      0.0036740147979844014,
      0.0033371653613124396,
      0.0027587633799913995,
      0.0022498962658037886,
      0.001784081790154599,
      0.0013779140393329183,
      0.0010072506952277392,
      0.0006935801182361258,
      0.00046447746985900455,
      0.000285020044165027,
      0.00015131062708712546,
      6.873324136486121e-05,
      4.2300435085922624e-05,
      2.4069675734590078e-05,
      1.2529070034290152e-05,
      6.269784170977292e-06,
      3.5863063335336997e-06,
      2.668700764058241e-06,
      2.638337616590692e-06,
      2.846963643595893e-06,
      3.071457136879993e-06,
      3.1694550056912107e-06,
      3.3482389353120307e-06,
      3.451898701645125e-06,
      3.5452156179268507e-06,
      3.703838539717823e-06,
      3.820551309887812e-06,
      3.920550026438736e-06
    ],
    "u_overall": 7.134432799359747,
    "u": [
      0.00942373359528505,
      0.22638146854141383,
      0.4523613931953053,
      0.6888662041087863,
      0.946127169781463,
      1.2101906992617917,
      1.498766058482233,
      1.809525586306213,
      2.1182269228792534,
      2.412384608376465,
      2.7045123383193856,
      3.3286834444024564,
      3.958269973028274,
      4.710183552627223,
      5.544304912471316,
      6.444574129807415,
      7.604321509631835,
      8.885506568187962,
      10.300923098186294,
      12.028507682622756,
      13.600095559665576,
      14.09750113426252,
      14.369713046161653,
      14.277495188484538,
      13.806207804004554,
      12.467864463971932,
      10.265362114743912,
      5.574054548122755,
      3.2863227560884285,
      4.965802414873969,
      7.246788976078207,
      9.647592647491939,
      10.193113992320388,
      10.356689144139812,
      12.35228871395342,
      15.72245849101454,
      14.862621527119362
    ],
    "v_overall": 0.026370343892559503,
    "v": [
      0.22800018691487517,
      0.26609807795599405,
      0.33155221337988444,
      0.3454874514578156,
      0.3279725781242475,
      0.2958747190068951,
      0.24254959348648314,
      0.19733901862316275,
      0.15977094782245677,
      0.11530324060278693,
      0.06653625610558493,
      -0.01969834514493879,
      -0.061887757372903904,
      -0.08757751671774469,
      -0.118246899688716,
      -0.042166269848794596,
      0.05686963334585452,
      0.00262286756012579,
      0.0381115211913611,
      0.05047221684202352,
      -0.032653649633333816,
      -0.16804816436650005,
      -0.23584217266118623,
      -0.33224945232963354,
      -0.25121535819858004,
      -0.09000420690152325,
      0.14479839708831171,
      -0.09726781141116818,
      -0.032205516234956516,
      0.17380506633371137,
      0.21209139601257296,
      0.040023686136665175,
      -0.07570920189680974,
      -0.18972065820222203,
      -0.18213476991410946,
      0.1923792194302377,
      -0.49532781287322775
    ],
    "t_overall": 247.35178298945826,
    "t": [
      283.6248684908249,
      282.1434087392637,
      280.88993943450004,
      279.8232642877008,
      278.8729288257276,
      278.02805549082507,
      277.1344520863077,
      276.1663645797967,
      275.1029822680667,
      273.9072497773049,
      272.60084643505775,
      269.712020642167,
      266.6161176108491,
      263.289093455895,
      259.41996162451,
      254.97691464273493,
      249.89566272912546,
      244.08906738225696,
      237.58779023162094,
      230.56173852317082,
      224.0691401885643,
      221.5878796407412,
      219.52340000556455,
      217.4918865794668,
      215.18322300869065,
      212.36118389287776,
      209.4477196540427,
      208.7507429748714,
      211.58081688647977,
      214.89232396516582,
      218.10002682715685,
      224.34209437741393,
      228.75841415482873,
      234.2160963317429,
      244.78120309640417,
      253.31987204160026,
      259.16721972663777
    ],
    "r_overall": 40.545765873407476,
    "r": [
      77.33065870863794,
      79.14873269240282,
      79.47449446112631,
      77.59379345646329,
      74.48270615529418,
      70.63758192834693,
      67.09934977853146,
      63.73951162593099,
      60.753805880798986,
      58.505548280122966,
      56.80269913358522,
      54.62260485550236,
      53.07358833155145,
      51.74755046998137,
      51.217159979315674,
      50.81540184144082,
      50.94021228614693,
      52.67382148260566,
      54.67992074303863,
      54.58412833122135,
      47.53054339644219,
      41.79701997553231,
      35.776428843254884,
      29.841378598226445,
      24.477829775555552,
      22.823903585589605,
      23.173683773438835,
      14.185093043301995,
      8.169665197842312,
      6.086853087617098,
      4.013047551303714,
      1.455412918794857,
      0.6445415549625984,
      0.2420126472936021,
      0.04080382578030009,
      0.010683115604667557,
      0.0011660034905563946
    ],
    "w_overall": 0.0048125649737254346,
    "w": [
      0.025180487119098864,
      0.025196200685446722,
      0.023656995705416288,
      0.021500235416613993,
      0.01920954833175464,
      0.01661128815562612,
      0.013869448952947491,
      0.011495506937982562,
      0.009412430945337783,
      0.007461726564456436,
      0.005651707795463958,
      0.0028884490294272037,
      0.0006222336184612902,
      0.0002857155637466259,
      0.0001656335791595031,
      0.0003551358525568209,
      0.00033383853704834924,
      0.0001397560990854264,
      -0.00017717499306029615,
      -0.0008215355604891602,
      -0.0007452014929562288,
      -0.0006693620015998378,
      -0.0006924562634994077,
      -0.0005943154605295831,
      -0.00024201579335695204,
      -0.00029344393376999855,
      -0.0005489900696716685,
      -0.0005045807073178396,
      -0.00029180248486534587,
      -0.0001669227222684242,
      -0.0001271144692345565,
      -8.139338400022589e-05,
      -2.8748140439430172e-06,
      -2.3428911346374407e-05,
      1.6174119698981106e-05,
      -1.2271751294170584e-05,
      7.275831816027061e-06
    ]
  },
  "std": {
    "z_overall": 128398.71941066979,