{
  "mean": {
    "z_overall": 125064.1086583264,
    "z": [
      753.9926877230337,
      2819.171980597216,
      4930.786808153888,
      7091.551792639881,
      9304.036433542327,
      11571.834772547772,
      13897.956802738288,
      16284.864012294845,
      18735.073020568463,
      21251.510723676605,
      23837.532811175643,
      29233.786331917476,
      34958.40799369606,
      41058.3149811219,
      47594.00281931442,
      54636.92605310429,
      62277.56686628333,
      70634.82210886557,
      79874.35311609069,
      90241.40514380105,
      102140.12551962938,
      108879.30101903221,
      116334.70863480505,
      124710.9510527431,
      134286.7714656534,
      145469.80320590615,
      158968.08402344352,
      180318.1136413546,
      200615.24787476883,
      231859.72526679767,
      257024.83020592542,
      300980.3470671521,
      324162.18438896595,
      346522.21882127447,
      381625.54705463094,
      410631.58615541685,
      461854.5777007243
    ],
    "q_overall": 0.001920931715877348,
    "q": [
      0.00759215886010076,
      0.007366378661148781,
      0.007007738299519365,
      0.006505724426214925,
      0.005995353743910494,
      0.005458632250774992,
      0.004919856318981154,
      0.0044406424923043525,
      0.004015466174832478,
      0.0036342800495911395,
      0.003292773093334709,
      0.0026960029589431626,
      0.002200034149075734,
      0.0017683202251518864,
      0.0013722902807414136,
      0.0010088157739756194,
      0.0007083963016945411,
      0.00046786731760483155,
      0.00028245251862054076,
      0.00014913807315571865,
      6.805859283839833e-05,
      4.1816800412959715e-05,
      2.383031618017594e-05,
      1.235697878256314e-05,
      6.234769939048858e-06,
      3.610778274778265e-06,
      2.70899143368058e-06,
      2.6448736036811025e-06,
      2.8510445748031495e-06,
      3.0688599065957665e-06,
      3.1711741434668915e-06,
      3.35073414078203e-06,
      3.4534883514406518e-06,
      3.5467098053840606e-06,
      3.7069674794000885e-06,
      3.820289109853582e-06,
      3.920148808254196e-06
    ],
    "u_overall": 6.894655170753596,
    "u": [
      -0.19557305869638764,
      -0.025520624521425683,
      0.21600006004753236,
      0.4723444656040511,
      0.7434635862508308,
      1.0278619666003284,
      1.3178139333714687,
      1.625481266768913,
      1.9343022074165175,
      2.250662581346347,
      2.57811522957797,
      3.196518579237008,
      3.793384732478461,
      4.511888985788901,
      5.281454025223876,
      6.230402459273777,
      7.323558680980704,
      8.495631099000773,
      9.852565385968683,
      11.513076068785878,
      13.16525606651265,
      13.754556227384354,
      14.000384939578487,
      13.844432545457789,
      13.184622731343277,
      12.014165183725884,
      9.84810911223561,
      5.2530452112770165,
      3.212230622762891,
      5.027293795043174,
      7.488117792603047,
      9.592448864315301,
      10.192181978712172,
      10.22069088881033,
      12.17228528247774,
      14.995638815165117,
      14.993349629974013
    ],
    "v_overall": 0.04310448601466004,
    "v": [
      0.1931132389044501,
      0.19034092033528496,
      0.24008295109467104,
      0.2997752638329047,
      0.3016062747827754,
      0.2703748143643329,
      0.22730440447521166,
      0.200246752655034,
      0.18403734503146552,
      0.1537929827084176,
      0.11420484340912868,
      0.05870449085561864,
      0.026356856954136327,
      -0.014198161428083824,
      -0.0446428237517638,
      0.04516357713459195,
      0.04416029705694854,
      0.02550863429713385,
      0.13057129498824332,
      0.047209310215635354,
      -0.08169510139304255,
      -0.22577896200466052,
      -0.399753763260873,
      -0.4415805618537742,
      -0.35204808832886664,
      -0.02193807953769721,
      -0.021164263053490763,
      -0.028042567266780803,
      -0.10205895266192667,
      0.08172888659534404,
      -0.10298009112024917,
      0.13644503568313324,
      0.12811171833990093,
      0.16555409471873675,
      0.2386425228180623,
      0.3260236185455675,
      -0.39831273159309866
    ],
    "t_overall": 247.37553991657356,
    "t": [
      283.48646522976986,
      282.0823851671805,
      280.92556591413114,
      279.91131944697526,
      278.99523076246874,
      278.1742158978098,
      277.29806272822987,
      276.28164300358634,
      275.1509995703742,
      273.91351659136643,
      272.57674843781825,
      269.6939628592844,
      266.62590780865156,
      263.32517707908187,
      259.4395758226888,
      254.99881010453825,
      249.9553066583458,
      244.2183831108647,
      237.7873745967949,
      230.83712627418532,
      224.22266278477807,
      221.60428192143374,
      219.496582969963,
      217.56766082533227,
      215.1644037969492,
      212.2195743273322,
      209.42833615210597,
      208.77366448418718,
      211.43623155372538,
      214.65852640863008,
      217.84118126739722,
      224.24897526214735,
      228.7926467309988,
      234.34042258051736,
      244.94366201433678,
      253.14399157844645,
      259.3343951907946
    ],
    "r_overall": 39.817999503433455,
    "r": [
      77.50881570660107,
      78.75161324574026,
      78.42057849132036,
      76.48879377355016,
      73.19595167124689,
      69.03339099379767,
      64.97579968926038,
      61.64348351823602,
      58.943698255680324,
      56.8348297648482,
      55.17205436838612,
      52.68267352709621,
      51.45212537563716,
      50.43916832203857,
      49.64618587303573,
      49.094763028666684,
      49.496122162198596,
      50.968613178918496,
      52.254780474620674,
      51.534812908529624,
      47.44236830227728,
      42.119274951293114,
      35.976966204270454,
      28.818006631779408,
      24.808254692625752,
      23.999790604629105,
      23.284867072849433,
      14.159087713544944,
      8.89768828370916,
      7.470947326801512,
      5.197975506119534,
      1.6294013226520465,
      0.6425049536697288,
      0.23118218103860758,
      0.03861697324350566,
      0.009704464194555328,
      0.0010901129305176639
    ],
    "w_overall": 0.005017961826237469,
    "w": [
      0.02344643294048853,
      0.02379445793044863,
      0.022654022026326555,
      0.020994017300170014,
      0.019066351891886674,
      0.016912492718860462,
      0.01471741429865498,
      0.012735028560107579,
      0.010902921524083124,
      0.009153490746989422,
      0.00736540722211349,
      0.004045277256171276,
      0.001289822864576561,
      0.0007385357371609647,
      0.000720131248442376,
      0.0005735891150810958,
      0.0007235569218344416,
      0.0006069903198091692,
      0.00026523768212913197,
      -0.0004201467240383967,
      -0.000830913842927695,
      -0.0006339091258196714,
      -0.00047839710425478155,
      -0.0005068311780934562,
      -0.0003799680973499173,
      -0.0004214957124519319,
      -0.0003769258630534757,
      -0.00040949575888906645,
      -0.0002806309265575271,
      -0.000177066819218462,
      -0.00010411252702103685,
      -3.979351399657281e-05,
      -3.290372961088108e-06,
      -7.786043878144669e-07,
      1.8569300291919987e-05,
      2.4879138556774492e-06,
      2.1082223251652582e-06
    ]
  },
  "std": {
    "z_overall": 128402.83844629415,