{
  "mean": {
    "t2m": 280.829659095937,
    "u10": -0.09429425647986617,
    "v10": 0.205313686935794,
    "u100": -0.06593088545955776,
    "v100": 0.18632280688051414,
    "tcc": 0.670476470108961,
    "sp": 96683.09701730813,
    "msl": 100974.49662963283,
    "tp": 0.09962427706137188
  },
  "std": {
    "t2m": 21.4124237206015,
    "u10": 5.275211961483634,
    "v10": 4.90781073326934,
    "u100": 6.6380584356193095,
    "v100": 6.381849124647067,
    "tcc": 0.3607582438180279,
    "sp": 9861.827748915566,
    "msl": 1382.3614703157066,
    "tp": 0.4535779412368764
  }
}