{
  "mean": {
    "t2m": 281.27126635467533,
    "u10": -0.22763170726421636,
    "v10": 0.4643863940757014,
    "u100": -0.2258498884492928,
    "v100": 0.5333918589843148,
    "tcc": 0.6641476841181595,
    "sp": 96739.40616772811,
    "msl": 101054.06328377832,
    "tp": 0.09368564833072139
  },
  "std": {
    "t2m": 21.027462038798053,
    "u10": 5.5554701834003835,
    "v10": 4.7844247410943765,
    "u100": 6.993452902699972,
    "v100": 6.237908075852912,
    "tcc": 0.3648363337370609,
    "sp": 9534.92721070665,
    "msl": 1135.0411025637977,
    "tp": 0.3726172778473554
  }
}