{
  "mean": {
    "t2m": 281.3171399766702,
    "u10": 0.12379589507017284,
    "v10": 0.5786491094228574,
    "u100": 0.10370699641039162,
    "v100": 0.6362590214268858,
    "tcc": 0.676700884918528,
    "sp": 96675.04555762636,
    "msl": 100974.53347106642,
    "tp": 0.10117592953408439
  },
  "std": {
    "t2m": 20.76529952761897,
    "u10": 5.429225158185337,
    "v10": 4.6740330698813235,
    "u100": 6.802014222356974,
    "v100": 5.981137167015518,
    "tcc": 0.3635815452006226,
    "sp": 9519.46414990904,
    "msl": 1174.6031647232253,
    "tp": 0.44175977861172183
  }
}