{
  "mean": {
    "t2m": 281.2450467087782,
    "u10": 0.25648035480642123,
    "v10": 0.4002573239930074,
    "u100": 0.41546961948525873,
    "v100": 0.37077330978612244,
    "tcc": 0.6585653399994936,
    "sp": 96629.42837178182,
    "msl": 100927.15908869819,
    "tp": 0.09778152355006561
  },
  "std": {
    "t2m": 21.26604673448813,
    "u10": 5.082035871275283,
    "v10": 4.6574393068914075,
    "u100": 6.4299552580311525,
    "v100": 6.0251484663835395,
    "tcc": 0.3714224063838349,
    "sp": 9681.274782391109,
    "msl": 1111.7831527599683,
    "tp": 0.4490469355657063
  }
}