{
  "mean": {
    "z_overall": 125085.79023504833,
    "z": [
      780.3040568654646,
      2846.0492539206975,
      4958.473746420286,
      7120.401435271469,
      9334.274554090402,
      11603.083803961512,
      13929.935250279319,
      16317.60521940977,
      18768.658661412584,
      21285.889770549198,
      23872.69345177897,
      29270.854958511518,
      34996.768035930996,
      41097.42749701418,
      47634.41139006877,
      54680.55175826399,
      62326.53079043321,
      70691.41789687355,
      79940.26782463593,
      90315.1054168593,
      102211.69368835722,
      108943.18812316998,
      116389.63061190091,
      124758.33498901987,
      134327.4659727038,
      145504.82461087996,
      158996.89501704808,
      180339.2961574395,
      200630.45038912006,
      231860.89822343583,
      257017.01061507937,
      300967.55645611807,
      324138.9913295577,
      346488.4060342503,
      381572.7144118894,
      410553.57706118043,
      461702.60023308673
    ],
    "q_overall": 0.0019270424226312405,
    "q": [
      0.007592143133720477,
      0.007352012011937585,
      0.0069968823984666514,
      0.00649603793783128,
      0.00599925717451308,
      0.0054930478684691595,
      0.00496045471282653,
      0.004459120994653666,
      0.004024105526650249,
      0.0036432423890041467,
      0.003301168020182464,
      0.0027178831410511013,
      0.0022288398303656792,
      0.0017919830172475292,
      0.00139600298673881,
      0.0010231133866383856,
      0.0007179215187158808,
      0.0004761655942778091,
      0.00028576070689182283,
      0.00015038230046040133,
      6.901926260159048e-05,
      4.278829361866164e-05,
      2.4456093779299902e-05,
      1.2648682576871823e-05,
      6.271966613087039e-06,
      3.605148626391153e-06,
      2.723498924036392e-06,
      2.6437346192605343e-06,
      2.8478177947952102e-06,
      3.068424144557837e-06,
      3.1736321615780742e-06,
      3.3544139594289116e-06,
      3.4553304910934637e-06,
      3.5481905486062128e-06,
      3.7086630864496477e-06,
      3.822172592768244e-06,
      3.9096605747108795e-06
    ],
    "u_overall": 6.671401595352768,
    "u": [
      0.0044717352201803055,
      0.22522013431007643,
      0.4489953269023781,
      0.7027183383395518,
      0.9497328839512962,
      1.1659111884768636,
      1.3936154870374082,
      1.6658139921774169,
      1.950840610898612,
      2.2237989966794767,
      2.4922136485181654,
      3.035663605089051,
      3.6086559566662997,
      4.263281429183191,
      4.979925952852002,
      5.848210335689033,
      6.775522450214726,
      7.684809303842169,
      8.789410033088599,
      10.256239890493768,
      12.001160240790604,
      12.859871444196578,
      13.287338624137965,
      13.261743525720961,
      12.756460344135569,
      11.558476798871316,
      9.525788728664313,
      5.186615346249272,
      3.053264928433575,
      4.956001392493246,
      7.433840402952051,
      9.67663123580079,
      9.75165134899641,
      9.883563990070487,
      12.543154901582998,
      15.37670294481978,
      15.264541530506254
    ],
    "v_overall": 0.04262055576266931,
    "v": [
      0.2865562148556391,
      0.274119514022077,
      0.27178249115164244,
      0.2812642420067554,
      0.2705050198758837,
      0.2493057201595368,
      0.19934358707027638,
      0.14578226471299988,
      0.10864001312467493,
      0.08741868281147663,
      0.07804370726692528,
      0.05884246191270805,
      0.008347013335067037,
      0.07513895491860023,
      0.08149883277905999,
      0.1195953590180257,
      0.14535613980751078,
      0.10252574133494544,
      0.00021047111578247803,
      -0.14585135982076639,
      -0.3225924151651774,
      -0.3081194469200883,
      -0.2732153062589695,
      -0.22311899458834783,
      -0.17362720044483332,
      -0.10376224173917518,
      0.017385542104306328,
      -0.040607639453245394,
      0.24017572519058694,
      -0.3663529897952304,
      0.1991939973235957,
      -0.01828503607968774,
      -0.008988633540143657,
      0.2654603588652732,
      0.018624162137517577,
      0.36780173997883436,
      -0.3914361298552719
    ],
    "t_overall": 247.36457765808873,
    "t": [
      283.50999308402555,
      282.1511372543149,
      281.0294183357928,
      280.0652339351693,
      279.1228075351677,
      278.24079624269496,
      277.34423973446803,
      276.34683039326165,
      275.2123333972561,
      273.96698972255535,
      272.6357559384284,
      269.74818939853293,
      266.63751420868914,
      263.3453845567449,
      259.51699520116375,
      255.14595306456448,
      250.15477713565647,
      244.45800974395135,
      238.01847692361173,
      230.93355009890536,
      224.03529660217126,
      221.3120028625855,
      219.27423916136397,
      217.3953452354992,
      215.0344574868174,
      212.12209455866645,
      209.32303004541865,
      208.7137652807049,
      211.38146307985375,
      214.57424841869187,
      217.78193927964182,
      224.20245893046015,
      228.65616563763783,
      234.27330731141913,
      244.72034474168726,
      252.91984055593028,
      259.1849882557793
    ],
    "r_overall": 40.069113722912334,
    "r": [
      77.24989433283982,
      77.92250340112113,
      77.460625162734,
      75.3538661082673,
      72.67038795254088,
      69.25320350076665,
      65.30868517564944,
      61.635456834252395,
      58.846483985032776,
      56.73335580207622,
      54.997191082342766,
      52.55748756163696,
      51.2824257016384,
      50.542582129508986,
      50.04751368902703,
      49.50234622183006,
      50.0368325815048,
      51.89097757239539,
      53.13202909761005,
      52.743320009252436,
      49.24592354631622,
      44.349806372831665,
      36.99350889310336,
      29.519562251305434,
      25.27920243463369,
      24.24226452324084,
      23.732790775282147,
      14.295648426334402,
      9.42785289496273,
      8.083367606398367,
      5.468696555416726,
      1.7274123624029172,
      0.7275691162962177,
      0.24083670212733438,
      0.04385059819733813,
      0.010725374499601205,
      0.001021412379801181
    ],
    "w_overall": 0.004245807836007375,
    "w": [
      0.022717028932517033,
      0.022673080286786412,
      0.02142288374375408,
      0.01951156665592132,
      0.01754803521586486,
      0.015387249213371682,
      0.013385872025944672,
      0.011537129758851593,
      0.009598242738688189,
      0.0077308135694743926,
      0.0058743969356908985,
      0.0026351631248028515,
      4.787212859171531e-06,
      -0.0005938038360835554,
      -0.0004826157867201195,
      -0.0008353507432424704,
      -0.0013104490661385946,
      -0.001102939381733902,
      -0.0012500842596022627,
      -0.001083414792316429,
      -0.001313870771398969,
      -0.0010734279748379019,
      -0.000834262211235706,
      -0.000499990589355243,
      -0.0005122458260568968,
      -0.0005678927903918277,
      -0.00043839148627093216,
      -0.00036385809627514736,
      -0.0002295911835676203,
      -0.0002838174042780349,
      -0.00011837233893032488,
      -4.810790909808155e-05,
      1.5343936717938268e-05,
      -4.02538301324161e-06,
      2.3543880613729425e-07,
      1.7048930842587276e-06,
      -2.1319203153378903e-06
    ]
  },
  "std": {
    "z_overall": 128374.43471353159,