{
  "mean": {
    "t2m": 281.20136431545444,
    "u10": 0.1861082794523364,
    "v10": 0.5534549218734951,
    "u100": 0.24588211207713895,
    "v100": 0.5714519202681642,
    "tcc": 0.6449803042988653,
    "sp": 96653.32472194155,
    "msl": 100960.49694759882,
    "tp": 0.09586117469322003
  },
  "std": {
    "t2m": 21.213791660723015,
    "u10": 5.308077030290272,
    "v10": 4.716521766270464,
    "u100": 6.66918376493322,
    "v100": 6.140197536963207,
    "tcc": 0.3773796562235805,
    "sp": 9587.733624635748,
    "msl": 1137.3519013572509,
    "tp": 0.41960208233159924
  }
}