{"_wandb":{"runtime":12},"_runtime":12.6414014,"_step":389,"train/batch_loss":5.93118975e+06,"train/batch_mse":2.9234997034072876,"train/batch_kl":1.97706255e+07,"_timestamp":1.7686589815029397e+09}