{"val/psnr":30.92903288240616,"train/avg_loss":0.22179339329898357,"val/rmse":61.20730585479736,"train/batch_loss":0.20275510847568512,"_step":19125,"val/mse":4204.791872436524,"_timestamp":1.7688108771988814e+09,"train/mse":0.22179339329898357,"best_model/val_psnr":30.92903288240616,"train/kl":2.317294495e+07,"best_model/epoch":50,"train/avg_mse":0.22179339329898357,"train/avg_kl":2.317294495e+07,"epoch":50,"train/batch_kl":2.1978205e+07,"best/val_mse":4220.489546447754,"learning_rate":1e-07,"train/total_loss":83.17252248711884,"best_model/val_mse":4204.791872436524,"train/loss":0.22179339329898357,"_wandb":{"runtime":10044},"_runtime":10044,"train/batch_mse":0.20275510847568512}