{
  "2024-06-01T00:00:00": {
    "mean": {
      "t2m": 281.2618408203125,
      "u10": -0.012667606584727764,
      "v10": 0.3652685284614563,
      "u100": 0.011813727207481861,
      "v100": 0.3985585868358612,
      "tcc": 0.6489425301551819,
      "sp": 96714.8515625,
      "msl": 101008.1640625,
      "tp": 0.00010592790931696072
    },
    "std": {
      "t2m": 19.52791404724121,
      "u10": 5.7321553230285645,
      "v10": 5.280055999755859,
      "u100": 7.339981555938721,
      "v100": 6.897741794586182,
      "tcc": 0.3767413794994354,
      "sp": 9508.8662109375,
      "msl": 1352.0439453125,
      "tp": 0.00046233207103796303
    }
  }
}