{
  "2024-06-01T00:00:00": {
    "mean": {
      "z_overall": 125074.9921875,
      "z": [
        791.6983032226562,
        2856.997314453125,
        4967.69873046875,
        7126.9072265625,
        9337.6962890625,
        11603.09375,
        13925.9365234375,
        16309.0703125,
        18755.982421875,
        21269.630859375,
        23853.333984375,
        29245.818359375,
        34967.69921875,
        41069.26171875,
        47607.01171875,
        54650.56640625,
        62290.203125,
        70644.78125,
        79879.3671875,
        90235.75,
        102115.9375,
        108848.09375,
        116302.3046875,
        124680.59375,
        134258.71875,
        145447.859375,
        158951.1875,
        180286.9375,
        200573.25,
        231818.890625,
        257000.03125,
        301008.125,
        324221.53125,
        346599.375,
        381698.9375,
        410665.40625,
        461908.8125
      ],
      "q_overall": 0.001889003673568368,
      "q": [
        0.007479899562895298,
        0.007252810522913933,
        0.006852846592664719,
        0.006319322157651186,
        0.005799734033644199,
        0.0053155808709561825,
        0.004849019460380077,
        0.004385600332170725,
        0.003955116495490074,
        0.0035825758241117,
        0.0032492349855601788,
        0.0026912132743746042,
        0.0022123048547655344,
        0.0017726304940879345,
        0.0013695157831534743,
        0.001003230456262827,
        0.0007032282883301377,
        0.00046935034333728254,
        0.00028327450854703784,
        0.00015188248653430492,
        6.932813266757876e-05,
        4.2464187572477385e-05,
        2.4174869395210408e-05,
        1.264963430003263e-05,
        6.417512850021012e-06,
        3.5738476071855985e-06,
        2.642023900989443e-06,
        2.628227548484574e-06,
        2.8489557735156268e-06,
        3.071776745855459e-06,
        3.170850959577365e-06,
        3.3487392556708073e-06,
        3.4514753224357264e-06,
        3.5446214496914763e-06,
        3.6996875678596552e-06,
        3.819476205535466e-06,
        3.936333087040111e-06
      ],
      "u_overall": 6.9621968269348145,
      "u": [
        0.010079707950353622,
        0.24696655571460724,
        0.4725172519683838,
        0.7117522358894348,
        0.934404730796814,
        1.1416029930114746,
        1.3697978258132935,
        1.6431612968444824,
        1.9158867597579956,
        2.1873703002929688,
        2.456556797027588,
        2.9735214710235596,
        3.572514533996582,
        4.243831634521484,
        5.069691181182861,
        5.9719719886779785,
        6.97659158706665,
        8.18233871459961,
        9.535693168640137,
        11.182988166809082,
        13.103050231933594,
        13.883441925048828,
        14.357223510742188,
        14.395018577575684,
        13.736332893371582,
        12.246519088745117,
        10.084733963012695,
        5.353128433227539,
        3.1204800605773926,
        4.765030860900879,
        7.305943489074707,
        9.782485008239746,
        10.18882942199707,
        10.337684631347656,
        12.37964153289795,
        16.069377899169922,
        15.693115234375
      ],
      "v_overall": 0.04615570977330208,
      "v": [
        0.38745471835136414,
        0.3891025483608246,
        0.4137668311595917,
        0.4127267003059387,
        0.377250611782074,
        0.317477822303772,
        0.2578607499599457,
        0.20762212574481964,
        0.16410769522190094,
        0.12431439757347107,
        0.08770254999399185,
        -0.023839136585593224,
        -0.13806772232055664,
        -0.18105654418468475,
        -0.14384442567825317,
        -0.1263807713985443,
        -0.062477778643369675,
        -0.025056717917323112,
        0.02680021896958351,
        0.028349680826067924,
        0.047109752893447876,
        0.009403154253959656,
        -0.0038135957438498735,
        -0.2388298362493515,
        -0.4298498034477234,
        -0.13017040491104126,
        0.14179405570030212,
        0.002447463572025299,
        -0.16362735629081726,
        0.11234234273433685,
        0.16244561970233917,
        -0.04671063646674156,
        -0.011556155048310757,
        -0.3958078622817993,
        0.14523929357528687,
        0.25682321190834045,
        -0.24329228699207306
      ],
      "t_overall": 247.39498901367188,
      "t": [
        283.7764892578125,
        282.2939758300781,
        281.023193359375,
        279.9925231933594,
        279.0451965332031,
        278.1088562011719,
        277.1310729980469,
        276.13006591796875,
        275.071044921875,
        273.8849792480469,
        272.5973205566406,
        269.7557373046875,
        266.7979431152344,
        263.4700622558594,
        259.4894104003906,
        254.99777221679688,
        249.89646911621094,
        244.11798095703125,
        237.61557006835938,
        230.52566528320312,
        223.90032958984375,
        221.4832305908203,
        219.5192413330078,
        217.63153076171875,
        215.23336791992188,
        212.36160278320312,
        209.40481567382812,
        208.5657196044922,
        211.4014129638672,
        214.74005126953125,
        218.01596069335938,
        224.60372924804688,
        229.0424041748047,
        234.4514617919922,
        244.726806640625,
        252.83261108398438,
        259.9793395996094
      ],
      "r_overall": 39.69963455200195,
      "r": [
        76.18241119384766,
        77.7391357421875,
        77.6042251586914,
        75.35246276855469,
        72.31517791748047,
        69.14224243164062,
        66.13789367675781,
        62.650028228759766,
        59.44916915893555,
        57.119178771972656,
        55.310089111328125,
        52.97992706298828,
        50.9411506652832,
        49.274051666259766,
        49.059417724609375,
        49.15028381347656,
        49.74855041503906,
        51.19960403442383,
        52.55170822143555,
        53.4925537109375,
        48.33854293823242,
        41.892799377441406,
        35.33989715576172,
        28.878650665283203,
        24.591455459594727,
        22.249195098876953,
        22.654338836669922,
        15.076720237731934,
        8.654217720031738,
        6.847949028015137,
        4.638216972351074,
        1.4387190341949463,
        0.6116675734519958,
        0.2223893254995346,
        0.040581535547971725,
        0.01061429362744093,
        0.0011880684178322554
      ],
      "w_overall": 0.0038533725310117006,
      "w": [
        0.02150547504425049,
        0.021525682881474495,
        0.020237663760781288,
        0.01833055168390274,
        0.016294829547405243,
        0.014090952463448048,
        0.011873997747898102,
        0.009941201657056808,
        0.008201731368899345,
        0.006576774641871452,
        0.00487060472369194,
        0.001592037035152316,
        -0.0020405591931194067,
        -0.0024325705599039793,
        -0.001932118902914226,
        -0.0013336247066035867,
        -0.0011885998537763953,
        -0.0010741677833721042,
        -0.0008564459858462214,
        -0.00041195814264938235,
        -0.0002459653769619763,
        -0.00013693452638108283,
        -0.00027618196327239275,
        -0.0004646390152629465,
        -0.00022684791474603117,
        0.0003313509514555335,
        0.00016022371710278094,
        -7.220263069029897e-05,
        -7.264305895660073e-05,
        -0.00010675907105905935,
        -6.636139733018354e-05,
        -4.608628387359204e-06,
        2.6834675281861564e-07,
        -5.599423275270965e-06,
        2.9720240490860306e-06,
        -1.602534030098468e-05,
        3.2699733765184646e-06
      ]
    },
    "std": {
      "z_overall": 128375.4375,